ID,Company,Created At,Tel
993217,AA介護有限会社グループホームスローライフプラス,2025-04-02 20:27:40 +0900,0229-45-2732
1004975,SBSゼンツウ株式会社富山センター,2025-04-03 18:52:30 +0900,076-403-6701
1006009,グループホームユートピア,2025-04-08 17:58:45 +0900,0294-25-7322
1004760,ダイセーロジスティクス株式会社松戸ハブセンター,2025-04-03 18:52:30 +0900,047-710-5994
1003927,ダイセーロジスティクス株式会社福島ハブセンター,2025-04-03 18:38:38 +0900,03-3827-2551
1004702,トナミ運輸株式会社春日部流通センター,2025-04-03 18:52:30 +0900,048-718-1611
990399,トラスコ中山株式会社HC九州物流センター,2025-03-30 14:59:41 +0900,0942-78-6812
1001143,丸光ケアサービス株式会社丸光ケアホームヘルプ...,2025-04-03 17:05:51 +0900,0282-20-6180
990330,丸協運輸株式会社共配愛媛／中野町配送センター,2025-03-30 14:59:41 +0900,089-948-9612
1006722,介護老人保健施設ケアセンターけやき園,2025-04-08 18:25:08 +0900,043-293-5181
1004682,共進運輸株式会社桶川物流センター,2025-04-03 18:52:30 +0900,048-791-1414
996909,医療法人五光会福島寿光会病院,2025-04-02 21:56:16 +0900,024-521-1370
993194,医療法人仁泉会はさまデイサービスセンター,2025-04-02 20:27:40 +0900,0220-23-1155
993250,医療法人本多友愛会介護老人保健施設はくあいホーム,2025-04-02 20:27:40 +0900,0224-63-5111
992884,医療法人石岡脳神経外科病院,2025-04-02 20:22:48 +0900,0299-58-5211
992985,医療法人社団弘明会さとう障がい者支援センター,2025-04-02 20:22:48 +0900,0297-21-1770
1006732,医療法人社団鵬会介護老人保健施設ケアセンターき...,2025-04-08 18:25:08 +0900,0438-22-5544
1005762,医療法人金上仁友会介護老人保健施設ゆうゆうホーム,2025-04-08 17:58:45 +0900,0224-62-4866
993221,医療法人金上仁友会金上病院,2025-04-02 20:27:40 +0900,0224-63-1032
971571,千葉国際人材開発センター株式会社,2025-03-15 00:00:38 +0900,8084726607
987152,古川運送株式会社東金物流センター,2025-03-29 23:23:04 +0900,0475-54-5101
886976,有限会社アット アットホームあいり,2025-01-11 10:53:24 +0900,052-509-5115
590398,有限会社イーマルケンデイサービスセンターわかば,2024-04-25 05:57:41 +0900,0776-33-1165
590459,有限会社イーマルケン住宅型有料老人ホームわかば,2024-04-25 05:58:11 +0900,0779-64-5365
857682,有限会社イーマルケン住宅型有料老人ホームわかば,2024-12-19 04:37:20 +0900,0779-64-5365
887106,有限会社ウイング グループホームつばさ下林,2025-01-11 10:53:24 +0900,0565-36-6647
886609,有限会社ウイング グループホームつばさ今町,2025-01-11 10:53:24 +0900,0565-41-8597
886653,有限会社ウイング グループホームつばさ吉原町,2025-01-11 10:53:24 +0900,0565-41-5215
895656,有限会社ウィングス グループホームほほえみ,2025-01-22 07:55:45 +0900,0558-85-2800
886589,有限会社ウェルネス介護付有料老人ホームシニアヴィラパトリ,2025-01-11 10:53:24 +0900,0533-87-4117
992959,有限会社エル・エス・シ－・ト－ブデイサービスセンターハート・ワン大宝,2025-04-02 20:22:48 +0900,0296-44-5939
868342,有限会社グループホームはさま,2025-01-04 22:11:15 +0900,022-023-2270
996358,有限会社グループホームはさま,2025-04-02 21:40:05 +0900,022-023-2270
835711,有限会社ケアープランセンターいきいき,2024-12-03 12:46:33 +0900,029-296-3360
957772,有限会社ケアープランセンターいきいき,2025-03-03 20:44:28 +0900,029-296-3360
1001540,有限会社ケアープランセンターいきいき,2025-04-03 17:05:52 +0900,029-296-3360
608763,有限会社ケアサービス田之上人材センター,2024-05-18 17:20:20 +0900,0985-24-1411
600577,有限会社ケアセンター宇和島,2024-05-18 15:43:53 +0900,0895-22-0401
608784,有限会社ケアセンター高野,2024-05-18 17:20:27 +0900,0985-28-6550
610251,有限会社ケアネット大阪ヘルパーセンター,2024-05-19 00:16:47 +0900,06-6318-8016
886595,有限会社ケイズライフグループホーム小町,2025-01-11 10:53:24 +0900,0561-85-1246
957362,有限会社コスモスナーシングホームあい想,2025-03-03 20:44:27 +0900,0270-27-7000
993802,有限会社コスモスナーシングホームあい想,2025-04-02 20:58:04 +0900,0270-27-7000
1006650,有限会社コスモスナーシングホームあい想,2025-04-08 18:25:08 +0900,0270-27-7000
992991,有限会社さくら園グループホームほほえみ,2025-04-02 20:22:48 +0900,029-219-0700
847911,有限会社さぬきヒューネット　デイサービスセンター憩,2024-12-11 01:38:03 +0900,0879-23-6320
870429,有限会社サンヨーグループホーム貞山みよりの家,2025-01-04 23:38:33 +0900,022-361-5167
1005837,有限会社シヨツエリホグループホーム青い空,2025-04-08 17:58:45 +0900,0283-65-0017
874194,有限会社シルバーケア　グループホーム春日苑松茂,2025-01-05 08:30:11 +0900,088-699-0202
857633,有限会社ドリーム二十一グループホーム大桑,2024-12-19 04:37:20 +0900,076-257-7766
1007927,有限会社ドリーム二十一グループホーム大桑,2025-04-08 20:36:23 +0900,076-257-7766
828632,有限会社ネオケアデイサービスセンター木もれび,2024-12-01 23:40:39 +0900,0594-27-1212
829120,有限会社ネオケアデイサービスセンター木もれび,2024-12-02 00:01:06 +0900,0594-27-1212
829810,有限会社ネオケアデイサービスセンター木もれび,2024-12-02 00:28:22 +0900,0594-27-1212
886717,有限会社ハピネス グループホームハピネス吉根,2025-01-11 10:53:24 +0900,052-736-8631
886927,有限会社ふなびきメディカル シルバーホームほほえみ,2025-01-11 10:53:24 +0900,0568-62-8690
625672,有限会社ヘルパーサービスセンター高岡,2024-05-19 01:56:59 +0900,0766-22-0688
587980,有限会社ホームヘルプサービスみらい,2024-04-20 00:49:24 +0900,724800305
587677,有限会社ほほえみグループホーム日陽,2024-04-20 00:47:53 +0900,523018980
800930,有限会社マエダメディック　敬愛グループホーム,2024-11-14 19:23:38 +0900,0887-57-3488
617003,有限会社まごころホームケアサービス,2024-05-19 00:52:48 +0900,03-3260-6581
51713,有限会社マツシタ　リサイクルセンター,2020-08-24 10:09:38 +0900,0436-76-8620
895638,有限会社みなみ風 グループホームみなみ風,2025-01-22 07:55:45 +0900,0545-53-6855
828626,有限会社メーセーサービスグループホーム楽家生広永,2024-12-01 23:40:39 +0900,059-340-0303
829114,有限会社メーセーサービスグループホーム楽家生広永,2024-12-02 00:01:06 +0900,059-340-0303
829804,有限会社メーセーサービスグループホーム楽家生広永,2024-12-02 00:28:22 +0900,059-340-0303
1008979,有限会社メーセーサービスグループホーム楽家生広永,2025-04-08 21:05:06 +0900,059-340-0303
800825,有限会社ワンカラ　グループホーム花みずき,2024-11-14 19:23:38 +0900,0880-65-0660
886902,有限会社予縁 有料老人ホーム予縁の里,2025-01-11 10:53:24 +0900,0532-21-1155
872932,有限会社介護サービスセンターあおぞら,2025-01-05 05:52:34 +0900,0745-34-1212
887034,有限会社介護センタースミレ やはぎ介護センタースミレ,2025-01-11 10:53:24 +0900,0564-64-2350
886460,有限会社介護センタースミレ特定施設老人ホーム 岡崎介護センター,2025-01-11 10:53:23 +0900,0564-45-1714
828720,有限会社介護センター田中デイサービスセンター渚園,2024-12-01 23:40:39 +0900,059-331-2122
829208,有限会社介護センター田中デイサービスセンター渚園,2024-12-02 00:01:06 +0900,059-331-2122
829898,有限会社介護センター田中デイサービスセンター渚園,2024-12-02 00:28:22 +0900,059-331-2122
1009001,有限会社介護センター田中デイサービスセンター渚園,2025-04-08 21:05:07 +0900,059-331-2122
164001,有限会社介護支援サービスセンター大川荘,2022-05-12 11:13:05 +0900,0879-43-6780
41850,有限会社八重洲プランニングセンター,2020-07-10 08:54:58 +0900,03-6403-4972
42322,有限会社六大設計　東京センター,2020-07-12 23:57:36 +0900,03-5830-7145
114636,有限会社出木野屋〈デキノヤホーム〉,2021-09-14 09:05:25 +0900,0766-31-1401
800811,有限会社別当　グループホームわたしの青空,2024-11-14 19:23:38 +0900,0895-70-1660
847470,有限会社別当　グループホームわたしの青空,2024-12-11 01:36:20 +0900,0895-70-1660
863745,有限会社在宅介護サービス応援隊　グループホーム安堵園,2024-12-25 08:25:17 +0900,0743-23-1260
887009,有限会社成平 有料老人ホームサントピア豊田みたち,2025-01-11 10:53:24 +0900,0565-41-7571
617116,有限会社日本総合職業紹介センター,2024-05-19 00:53:22 +0900,090-3142-7828
857662,有限会社昌和商事　グループホームセラピィ粟津,2024-12-19 04:37:20 +0900,0761-43-3434
656444,有限会社東日本浄化槽管理センター,2024-05-19 14:39:53 +0900,0285-23-3540
469160,有限会社東部タイヤセンター三島店,2023-08-02 21:03:58 +0900,055-972-8118
85875,有限会社水野運送 配車センター,2021-04-05 16:39:28 +0900,011-214-1468
614601,有限会社沼津ケアセンター白鳥,2024-05-19 00:39:48 +0900,055-929-7020
613773,有限会社熊谷家事介護センター,2024-05-19 00:35:11 +0900,048-521-2134
381285,有限会社白馬オペレーションセンター,2022-11-18 17:44:33 +0900,0261-75-3886
634926,有限会社統合管理センター,2024-05-19 11:53:01 +0900,082-211-3388
895648,有限会社花音 グループホーム花音,2025-01-22 07:55:45 +0900,054-659-8700
874198,有限会社蘭方　デイサービスセンター蘭方,2025-01-05 08:30:11 +0900,088-676-2317
874456,有限会社蘭方　デイサービスセンター蘭方,2025-01-05 08:45:52 +0900,088-676-2317
614912,有限会社静岡経営労務管理センター,2024-05-19 00:41:23 +0900,054-634-2050
828568,有限会社香友住宅型有料老人ホームライズ,2024-12-01 23:40:39 +0900,0584-27-1020
829056,有限会社香友住宅型有料老人ホームライズ,2024-12-02 00:01:06 +0900,0584-27-1020
829746,有限会社香友住宅型有料老人ホームライズ,2024-12-02 00:28:22 +0900,0584-27-1020
847424,株式会社　アイ・エム・シー　ライフステージ　IMCグループホーム大原,2024-12-11 01:36:20 +0900,088-803-8850
848099,株式会社　アイ・エム・シー　ライフステージ　IMCグループホーム大原,2024-12-11 01:38:03 +0900,088-803-8850
801113,株式会社　アイ・エム・シーライフステージ　IMCグループホーム高須,2024-11-14 19:23:39 +0900,088-878-8655
52104,株式会社DORAL東関東物流センター,2020-08-31 08:55:18 +0900,047-339-7931
317681,株式会社HI-LINEチルド横浜緑センター,2022-06-28 19:06:36 +0900,045-509-1252
989089,株式会社HI-LINE常温大阪北センター,2025-03-30 01:03:06 +0900,06-6338-8011
56486,株式会社ISC就職支援センターつくばNo.GA2020,2020-09-15 15:08:22 +0900,029-860-1550
110600,株式会社ISC就職支援センターつくばNo.GA2020,2021-08-23 13:56:13 +0900,029-860-1550
767916,株式会社itosie 小規模多機能ホーム,2024-10-10 19:46:03 +0900,076-239-0382
857668,株式会社ｉｔｏｓｉｅ．　itosie小規模多機能ホーム,2024-12-19 04:37:20 +0900,076-239-0382
170183,株式会社LIEN・connect 応募受付センター,2022-05-16 20:04:26 +0900,06-6131-3380
874205,株式会社PDS　グループホームアカリエ,2025-01-05 08:30:11 +0900,0883-36-1630
895622,株式会社reborn デイサービスセンターこのん,2025-01-22 07:55:45 +0900,053-526-0770
887096,株式会社SoL グループホームルナカーサ,2025-01-11 10:53:24 +0900,0562-74-8588
875480,株式会社ＳＯＹＯＫＡＺＥ  金沢北安江ケアセンターそよ風,2025-01-10 01:31:17 +0900,076-224-1256
887448,株式会社SOYOKAZE 岐阜ケアセンターそよ風,2025-01-11 10:53:25 +0900,058-278-5260
801125,株式会社SOYOKAZE　福井板垣ケアセンターそよ風,2024-11-14 19:23:39 +0900,0776-36-1730
870455,株式会社SOYOKAZEいなげケアセンターそよ風,2025-01-04 23:38:33 +0900,043-207-6911
615404,株式会社ＴＢＣ福祉教育センター,2024-05-19 00:43:55 +0900,028-651-2171
887112,株式会社Think Life 有料老人ホームThinkLife旭,2025-01-11 10:53:24 +0900,052-773-3101
29187,株式会社TSロジテック 三芳センター,2020-05-06 22:57:17 +0900,049-274-6611
169143,株式会社Vivantグループ【みんなの求人センター】,2022-05-16 18:41:47 +0900,042-851-3175
872257,株式会社アース　有料老人ホームケアシス野々市,2025-01-05 05:33:07 +0900,076-259-5310
857639,株式会社アース有料老人ホームケアシス金沢南,2024-12-19 04:37:20 +0900,076-255-7271
1007902,株式会社アース有料老人ホームケアシス金沢南,2025-04-08 20:36:23 +0900,076-255-7271
800919,株式会社アイ・エム・シーライフステージ　IMCグループホームうぐるすの家,2024-11-14 19:23:38 +0900,088-850-0651
993208,株式会社アイ・ケイ・サポート有料老人ホームカーサ岩沼,2025-04-02 20:27:40 +0900,0223-22-5009
800767,株式会社アイ・ディー・エム　グループホームあすか,2024-11-14 19:23:38 +0900,0879-26-3015
895610,株式会社アイケア あいの街沼津・デイサービスセンター,2025-01-22 07:55:45 +0900,055-921-1165
895616,株式会社アイケア グループホームあいの街富士川,2025-01-22 07:55:45 +0900,0545-56-0165
895606,株式会社アイケア グループホームあいの街焼津,2025-01-22 07:55:45 +0900,054-624-7003
317982,株式会社アイダスト横須賀リサイクルセンター,2022-06-28 19:08:06 +0900,04-5374-5591
47741,株式会社アイメディケア アイホーム市川まつひ台,2020-08-03 15:08:02 +0900,047-361-7722
886603,株式会社アオイメディカル介護付き有料老人ホームエイジトピア・ナゴヤ,2025-01-11 10:53:24 +0900,052-251-1005
895669,株式会社アクタガワ ハートフルホーム有東坂,2025-01-22 07:55:45 +0900,054-349-3118
895668,株式会社アクタガワ ハートフルホーム西奈,2025-01-22 07:55:45 +0900,054-655-0588
171280,株式会社アズスタッフ宮崎事務センター,2022-05-16 20:19:25 +0900,0985-61-3860
607598,株式会社アセアン人材開発センター,2024-05-18 17:13:40 +0900,050-3670-8659
316580,株式会社アソウ・ヒューマニーセンター_職業紹介東京,2022-06-23 14:30:29 +0900,03-5909-2600
316579,株式会社アソウ・ヒューマニーセンター職業紹介長崎,2022-06-23 14:30:28 +0900,095-826-9800
874287,株式会社あったかライフてと手　有料老人ホームてと手,2025-01-05 08:30:11 +0900,087-847-0885
325342,株式会社アドバンス 本部サービスセンター,2022-06-28 19:44:22 +0900,029-259-9237
887073,株式会社アルバグループホームサライ忠道公園,2025-01-11 10:53:24 +0900,052-627-1358
550502,株式会社いえなび　ホームメイトFC,2024-01-07 03:31:35 +0900,086-225-6499
886532,株式会社イズミ グループホームこまきの泉,2025-01-11 10:53:24 +0900,0568-68-7028
992962,株式会社いっしんグループホーム霞ヶ浦,2025-04-02 20:22:48 +0900,029-898-3649
886395,株式会社イノベル住宅型有料老人ホームエミサン名東南,2025-01-11 10:53:23 +0900,052-364-9657
602009,株式会社いわきワークサービスセンター,2024-05-18 16:45:43 +0900,0246-88-1047
633011,株式会社いわきワークサービスセンター,2024-05-19 11:41:54 +0900,0246-88-1047
886824,株式会社ウェルヴィレッジ 介護付き有料老人ホームウェルホームからん,2025-01-11 10:53:24 +0900,0568-68-7717
94556,株式会社ウェルグループホームなんてん伊在荘夜勤専従,2021-05-28 11:56:54 +0900,022-393-9726
895568,株式会社ウェルビーイング グループホームふれあい奄美,2025-01-22 07:55:45 +0900,055-934-5151
895563,株式会社ウェルビーイング グループホームふれあい島郷,2025-01-22 07:55:45 +0900,055-926-1800
895569,株式会社ウェルビーイング 小規模多機能ホームふれあい伏見,2025-01-22 07:55:45 +0900,055-981-2221
835362,株式会社エー・オー・シー草津JOBセンター,2024-12-02 22:20:18 +0900,077-516-4101
838617,株式会社エー・オー・シー草津JOBセンター,2024-12-05 17:52:49 +0900,077-516-4101
871783,株式会社エー・オー・シー草津JOBセンター,2025-01-05 02:00:16 +0900,077-516-4101
886500,株式会社エーアールオーアローホーム左京山,2025-01-11 10:53:23 +0900,052-629-5538
874134,株式会社エージングアシスト　シルバーホームなごみ,2025-01-05 08:30:11 +0900,088-624-7534
874392,株式会社エージングアシスト　シルバーホームなごみ,2025-01-05 08:45:52 +0900,088-624-7534
933135,株式会社エース札幌ジョブセンター,2025-02-13 21:53:54 +0900,0133-77-5015
960769,株式会社エイジェック大阪雇用開発センター,2025-03-03 23:22:34 +0900,03-3349-8206
690385,株式会社エイジェック長崎雇用開発センター,2024-07-24 17:56:27 +0900,09-5816-3701
887092,株式会社エイム グループホーム森の家,2025-01-11 10:53:24 +0900,0586-25-5550
886820,株式会社エイム グループホーム清里,2025-01-11 10:53:24 +0900,052-503-6131
886433,株式会社エイム 小規模多機能ホームみのり西小原,2025-01-11 10:53:23 +0900,0586-25-2408
870256,株式会社えがお ケアセンターえがお,2025-01-04 22:30:28 +0900,03-6658-1188
874372,株式会社エクセレントケアシステム　デイサービスセンターエクセレント鹿鳴館,2025-01-05 08:45:52 +0900,088-611-5255
318120,株式会社エスエスライン川越センター,2022-06-28 19:08:56 +0900,043-460-2607
316017,株式会社エテル大阪第3コンタクトセンター,2022-06-23 14:28:44 +0900,06-6210-5420
316392,株式会社エテル札幌コンタクトセンター,2022-06-23 14:29:51 +0900,011-299-1933
801140,株式会社エポカケアサービス　小規模多機能ホーム鈴が台・みどりの家,2024-11-14 19:23:39 +0900,082-961-5710
850334,株式会社エポカケアサービス　小規模多機能ホーム鈴が台・みどりの家,2024-12-11 02:02:26 +0900,082-961-5710
43566,株式会社エム・エス・シー西東京支援センター,2020-07-20 03:01:35 +0900,042-368-7911
886501,株式会社エム･ケア介護センターグループホームエム・ケア桜山,2025-01-11 10:53:23 +0900,052-715-9955
651798,株式会社エムアールエー設計センター,2024-05-19 14:13:33 +0900,06-6992-2246
50385,株式会社エムラインズ千葉物流センター,2020-08-20 11:17:40 +0900,047-306-1311
857617,株式会社エンジェル　グループホームほたる,2024-12-19 04:37:20 +0900,076-277-6533
887084,株式会社オリジン 介護付き有料老人ホームフラワーサーチ大府,2025-01-11 10:53:24 +0900,0562-44-1616
829734,株式会社カインドライフ住宅型有料老人ホームナ...,2024-12-02 00:28:22 +0900,058-338-7788
886372,株式会社キートナーシングホームらもーれ天白アネックス,2025-01-11 10:53:23 +0900,052-746-0631
318397,株式会社ギオン八潮センター,2022-06-28 19:10:41 +0900,048-930-6070
871721,株式会社ギオン八潮センター,2025-01-05 02:00:15 +0900,048-930-6070
318396,株式会社ギオン八王子センター,2022-06-28 19:10:40 +0900,042-631-1222
318391,株式会社ギオン印西センター,2022-06-28 19:10:39 +0900,0476-48-5751
318394,株式会社ギオン大野台センター,2022-06-28 19:10:40 +0900,042-786-2666
318395,株式会社ギオン大野台第二センター,2022-06-28 19:10:40 +0900,04-2771-1151
905754,株式会社ギオン流山センター,2025-01-28 18:29:44 +0900,04-7128-8041
318393,株式会社ギオン神奈川第一センター,2022-06-28 19:10:39 +0900,046-298-1052
318390,株式会社ギオン綾瀬センター,2022-06-28 19:10:38 +0900,0467-70-4580
319945,株式会社ギオン西多摩センター,2022-06-28 19:20:01 +0900,042-568-2130
891874,株式会社ギオン西多摩センター,2025-01-21 03:00:07 +0900,042-568-2130
887447,株式会社グランファリスナー グループホームひだまりの丘,2025-01-11 10:53:25 +0900,0574-28-5588
153644,株式会社グリーンセンター中村園芸,2022-05-04 11:22:38 +0900,0299-54-0111
44495,株式会社グリーンハーモニーリサイクルセンター,2020-07-21 11:37:51 +0900,042-492-6330
993236,株式会社グリーン企画住宅型有料老人ホームサンガ,2025-04-02 20:27:40 +0900,0224-87-8828
954476,株式会社クリアライン北陸センター,2025-02-27 23:55:56 +0900,092-980-5107
176001,株式会社クリエイターズプラットホーム,2022-05-18 15:15:17 +0900,052-251-5506
887056,株式会社クレイドル グループホームあつた荘,2025-01-11 10:53:24 +0900,052-671-5115
170841,株式会社グロップ 長岡センター,2022-05-16 20:14:09 +0900,086-208-5210
634349,株式会社ぐんま安全教育センター,2024-05-19 11:49:25 +0900,027-233-1155
891508,株式会社ぐんま安全教育センター,2025-01-20 17:29:57 +0900,027-233-1155
18957,株式会社ケーシーエスエンジニアリング栃木技術センター,2020-03-02 05:18:33 +0900,028-613-3611
66494,株式会社ケーシーエスエンジニアリング栃木技術センター,2020-11-04 15:02:13 +0900,028-613-3611
886125,株式会社ケーツーホメナックスグループホーム憩,2025-01-11 10:48:47 +0900,0561-89-5175
847104,株式会社ケア・ステーション　あか門デイサービスセンター,2024-12-11 01:36:19 +0900,0877-85-6666
847054,株式会社ケア・ステーション　どきデイサービスセンター,2024-12-11 01:36:19 +0900,0877-85-6281
847729,株式会社ケア・ステーション　どきデイサービスセンター,2024-12-11 01:38:03 +0900,0877-85-6281
847304,株式会社ケア・ステーション　太田下町デイサービスセンター,2024-12-11 01:36:20 +0900,087-899-7621
887160,株式会社ケア21 介護付き有料老人ホームプレザンメゾン東起,2025-01-11 10:53:25 +0900,052-389-1021
886972,株式会社ケア21 介護付有料老人ホームプレザンメゾンあじま,2025-01-11 10:53:24 +0900,052-901-2511
895636,株式会社ケアクオリティ グループホームケアクオリティ望静大前,2025-01-22 07:55:45 +0900,054-237-2131
895682,株式会社ケアクオリティ グループホームケアクオリティ輝,2025-01-22 07:55:45 +0900,054-273-0220
835490,株式会社ケアネット徳洲会グループホームふきのとう,2024-12-03 12:46:33 +0900,0233-28-0771
590439,株式会社ケアハイツ介護付有料老人ホームケアハ...,2024-04-25 05:58:01 +0900,0776（77）3600
857695,株式会社ケアハイツ介護付有料老人ホームケアハ...,2024-12-19 04:37:20 +0900,0776（77）3600
870476,株式会社ケアプラザなごみ住宅型有料老人ホーム和...,2025-01-04 23:38:33 +0900,0172-88-7252
886930,株式会社ケアベルデ ベルデかの里介護付有料老人ホーム,2025-01-11 10:53:24 +0900,052-309-3000
767900,株式会社コンフォート 有料老人ホームひゃくまん星増泉,2024-10-10 19:46:03 +0900,076-280-1518
872232,株式会社コンフォート　有料老人ホームひゃくまん星増泉,2025-01-05 05:33:07 +0900,076-280-1518
828571,株式会社ザイタック東濃デイサービスセンター松坂,2024-12-01 23:40:39 +0900,0572-20-1677
829059,株式会社ザイタック東濃デイサービスセンター松坂,2024-12-02 00:01:06 +0900,0572-20-1677
829749,株式会社ザイタック東濃デイサービスセンター松坂,2024-12-02 00:28:22 +0900,0572-20-1677
894506,株式会社ザイタック東濃デイサービスセンター松坂,2025-01-21 05:58:16 +0900,0572-20-1677
894697,株式会社ザイタック東濃デイサービスセンター松坂,2025-01-21 07:51:06 +0900,0572-20-1677
895308,株式会社ザイタック東濃デイサービスセンター松坂,2025-01-21 08:14:07 +0900,0572-20-1677
317805,株式会社サカイ引越センター昭島市エリア,2022-06-28 19:07:09 +0900,042-500-6166
886683,株式会社さわやか倶楽部 介護付きホームさわやかこうなん館,2025-01-11 10:53:24 +0900,0587-22-5056
886566,株式会社さわやか倶楽部介護付有料老人ホームさわやかあま館,2025-01-11 10:53:24 +0900,052-433-8032
993260,株式会社サンテックグループホーム小松崎あさひ園,2025-04-02 20:27:40 +0900,022-367-7509
886710,株式会社サンメディック東浦 介護付有料老人ホーム敬愛苑東浦,2025-01-11 10:53:24 +0900,0562-85-0381
887097,株式会社ジーエヌエス愛知 みのりライフ介護センター春日井,2025-01-11 10:53:24 +0900,0568-37-2221
915804,株式会社ジェイエイ・エルピーガス情報センター,2025-02-03 23:16:22 +0900,048-226-5484
988553,株式会社ジェイエルエス静岡物流センター川崎運送株式会社静岡物流センター,2025-03-30 00:42:10 +0900,0548-24-0930
49857,株式会社シエロデイサービスセンターシエロ新越谷,2020-08-19 10:53:19 +0900,048-961-8563
42675,株式会社ジャスティ テクニカルセンター,2020-07-14 13:03:33 +0900,055-966-8620
319971,株式会社ジャステム葛西センター,2022-06-28 19:20:14 +0900,03-5658-2634
167975,株式会社ジャストファイン 札幌BPOセンター,2022-05-16 18:34:30 +0900,03-5050-0307
168414,株式会社ジャパンクリエイト 海外事業部 翻訳センターパイオニアグループ,2022-05-16 18:37:49 +0900,03-5829-3577
48439,株式会社スカイテック 埼玉工事センター,2020-08-04 12:42:07 +0900,0480-53-7803
321045,株式会社スカイテック 埼玉工事センター,2022-06-28 19:29:23 +0900,0480-53-7803
318835,株式会社スカイテック埼玉工事センター,2022-06-28 19:13:01 +0900,0480-53-7803
870482,株式会社スガワラ製作所グループホームふるさと,2025-01-04 23:38:33 +0900,0191-48-5663
995263,株式会社ステビア新潟ケアセンター久松,2025-04-02 21:23:13 +0900,0257-22-9898
953885,株式会社ゼロ東千葉CSセンター,2025-02-27 23:25:48 +0900,044-520-0128
887048,株式会社センチュリークリエイティブ 有料老人ホームあみーご倶楽部小牧,2025-01-11 10:53:24 +0900,0568-54-6600
801147,株式会社ソラスト　グループホームソラストほのか福山,2024-11-14 19:23:39 +0900,084-921-6240
850283,株式会社ソラスト　グループホームソラストほのか福山,2024-12-11 02:02:26 +0900,084-921-6240
886957,株式会社ソラスト グループホームやすらぎの里中野新町,2025-01-11 10:53:24 +0900,052-354-0050
886497,株式会社ソラスト 介護付有料老人ホームソラスト尾頭橋,2025-01-11 10:53:23 +0900,052-332-3671
886655,株式会社ソラスト 介護付有料老人ホームソラスト高畑,2025-01-11 10:53:24 +0900,052-355-9280
992961,株式会社ソラストグループホームソラスト,2025-04-02 20:22:48 +0900,0297-61-8177
886606,株式会社ソラストグループホームソラストゆうか小田井,2025-01-11 10:53:24 +0900,052-505-5550
959328,株式会社ソラストグループホームソラスト利根,2025-03-03 22:30:00 +0900,0297-61-8170
886564,株式会社ソラストグループホームソラスト白金,2025-01-11 10:53:24 +0900,052-613-9820
323406,株式会社ダイサン 埼玉東サービスセンター,2022-06-28 19:38:18 +0900,048-960-0335
315736,株式会社ダイサン埼玉サービスセンター,2022-06-23 14:27:47 +0900,04-2900-1611
318300,株式会社ダイセーロジスティックス武蔵野ハブセンター,2022-06-28 19:10:07 +0900,042-393-2281
886941,株式会社だいふく グループホームほのぼの広場,2025-01-11 10:53:24 +0900,0587-21-5293
322794,株式会社タケエイ　四街道リサイクルセンター,2022-06-28 19:36:08 +0900,043-424-1021
886397,株式会社ダンディライオン住宅型有料老人ホームそら,2025-01-11 10:53:23 +0900,0561-76-7593
318264,株式会社つばめ急便千葉ロジスティクスセンター,2022-06-28 19:09:54 +0900,043-258-4351
604480,株式会社テクノエイドケアセンター姫路,2024-05-18 16:58:12 +0900,079-267-6303
94568,株式会社テンダーグループホームあったかいご燕沢東,2021-05-28 11:56:56 +0900,022-253-3881
828583,株式会社ナイスマンナーシングホームケアリール各務原,2024-12-01 23:40:39 +0900,058-322-2662
829071,株式会社ナイスマンナーシングホームケアリール各務原,2024-12-02 00:01:06 +0900,058-322-2662
829761,株式会社ナイスマンナーシングホームケアリール各務原,2024-12-02 00:28:22 +0900,058-322-2662
886425,株式会社ニーノコーポレーション グループホームはなえくぼ扶桑,2025-01-11 10:53:23 +0900,0587-91-0110
886657,株式会社ニッケ・ケアサービス 介護付有料老人ホームニッケあすも一宮,2025-01-11 10:53:24 +0900,0586-85-5971
886600,株式会社ニッケ・ケアサービスニッケふれあいセンター今伊勢,2025-01-11 10:53:24 +0900,0586-26-3517
82005,株式会社ネクストアイ デイサービスセンター くるは,2021-03-12 08:36:10 +0900,072-230-3525
321905,株式会社ノーブルホーム筑西展示場筑西展示場,2022-06-28 19:32:43 +0900,0296-28-7087
953256,株式会社ハート引越センター函館センター,2025-02-27 22:54:08 +0900,0138-59-1910
953259,株式会社ハート引越センター帯広センター,2025-02-27 22:54:08 +0900,0155-36-0810
953257,株式会社ハート引越センター旭川センター,2025-02-27 22:54:08 +0900,0166-49-1954
1003472,株式会社ハート引越センター札幌センター,2025-04-03 18:14:59 +0900,03-6859-3371
990289,株式会社ハート引越センター高松センター,2025-03-30 14:59:41 +0900,0120-668-100
870488,株式会社はぁとふる有料老人ホームはぁとふるしち...,2025-01-04 23:38:33 +0900,0176-58-6444
895662,株式会社ハウスマガンダ グループホーム瀬名川,2025-01-22 07:55:45 +0900,054-263-2650
315637,株式会社ハクホウ茂木・芳賀テクニカルセンター,2022-06-23 14:27:26 +0900,0285-63-2266
988060,株式会社はなまる岐阜車輛管理センター,2025-03-30 00:16:34 +0900,058-201-1425
1004131,株式会社はなまる首都圏車輛管理センター,2025-04-03 18:38:38 +0900,029-353-6013
1004108,株式会社ハマキョウレックスつくばセンター,2025-04-03 18:38:38 +0900,029-848-3600
886840,株式会社ハルス 天然温泉有料老人ホームはるすのお家蟹江,2025-01-11 10:53:24 +0900,0567-95-5081
886533,株式会社ひかりサービス グループホームジョイア宇頭,2025-01-11 10:53:24 +0900,0564-73-3108
887051,株式会社ビジュアルビジョン けあビジョンホーム田原,2025-01-11 10:53:24 +0900,0531-34-0070
116766,株式会社ひたち農園加工センター,2021-09-23 22:59:39 +0900,0295-56-3078
801130,株式会社ヒョウゴナカムラ　デイサービスセンターさわやか,2024-11-14 19:23:39 +0900,0859-38-5288
895640,株式会社ファミーユ グループホームつぐみ八坂,2025-01-22 07:55:45 +0900,054-376-5005
153142,株式会社ふるさとおふくろ苑デイサービスセンター...,2022-05-04 11:19:07 +0900,0577-57-8688
50402,株式会社ブレイング 東京ベイマテリアルセンター,2020-08-20 11:17:42 +0900,0436-40-3900
50520,株式会社プロローグ住宅型有料老人ホームレイー...,2020-08-20 11:17:56 +0900,043-483-0411
887049,株式会社フロンティアの介護 グループホームおばたの憩,2025-01-11 10:53:24 +0900,052-797-8108
887002,株式会社フロンティアの介護 グループホームしんしろの憩,2025-01-11 10:53:24 +0900,052-758-4472
886892,株式会社フロンティアの介護 介護付有料老人ホーム「ハイリタイヤー21南山」,2025-01-11 10:53:24 +0900,052-752-9801
886424,株式会社フロンティアの介護 介護付有料老人ホームおおだかの憩,2025-01-11 10:53:23 +0900,052-623-6441
886555,株式会社フロンティアの介護 介護付有料老人ホームハイリタイヤー名城,2025-01-11 10:53:24 +0900,052-588-9800
43549,株式会社ペアウェル介護付有料老人ホームペアウェル多摩川,2020-07-16 13:43:25 +0900,042-377-8341
318366,株式会社ベストランス川口共配センター,2022-06-28 19:10:30 +0900,04-8227-5223
887165,株式会社ベネッセスタイルケア メディカルホームくらら猪高緑地,2025-01-11 10:53:25 +0900,052-705-8765
886933,株式会社ベネッセスタイルケア メディカルホームまどか汐路,2025-01-11 10:53:24 +0900,052-859-1551
886558,株式会社ベネッセスタイルケアベネッセ介護センター名古屋,2025-01-11 10:53:24 +0900,052-339-1053
847151,株式会社ヘルシーエイジング　デイサービスオレンジホーム,2024-12-11 01:36:19 +0900,0875-62-1870
43553,株式会社ヘルスケアシステムナーシングホーム江戸川,2020-07-20 03:01:34 +0900,03‐5696‐4311
886402,株式会社ボーベルカンパニー介護付有料老人ホームBeautiful Houseひなた,2025-01-11 10:53:23 +0900,0800-100-0810
317889,株式会社ホームズマルホサッシセンター物流工事課,2022-06-28 19:07:32 +0900,048-265-5634
886608,株式会社ほほえみシルバーホームよもぎ台,2025-01-11 10:53:24 +0900,052-779-8660
993197,株式会社ほほえみの里有料老人ホームほほえみ苑,2025-04-02 20:27:40 +0900,0224-35-1711
887164,株式会社ミズノ 介護付有料老人ホームひだまりの郷たけとよ,2025-01-11 10:53:25 +0900,0569-72-1885
20314,株式会社メロンブックス 横浜センター,2020-03-07 08:36:48 +0900,050-3530-4257
989103,株式会社ヤマシタ大阪南港ハブセンター,2025-03-30 01:03:06 +0900,0547-38-1515
322045,株式会社ヤマトリース 狭山機材センター,2022-06-28 19:33:14 +0900,04-2990-8645
319691,株式会社ヤマトリース狭山機材センター,2022-06-28 19:18:27 +0900,04-2990-8645
320025,株式会社やよい運送浦安センター,2022-06-28 19:20:34 +0900,047-305-8413
601583,株式会社ゆうあい看護師家政婦職業センター,2024-05-18 15:48:47 +0900,093-967-2942
767935,株式会社ゆとりの園 ケアホームゆとりの園入江,2024-10-10 19:46:03 +0900,076-292-2800
872249,株式会社ゆとりの園　ケアホームゆとりの園入江,2025-01-05 05:33:07 +0900,076-292-2800
870506,株式会社ユニバーサル山形グループホームつばさ金井,2025-01-04 23:38:34 +0900,023-627-7011
168901,株式会社ユニマット スタッフカンパニー岩瀬ケアセンターそよ風,2022-05-16 18:41:01 +0900,03-6804-3485
133587,株式会社ユニマットリタイアメント・コミュニティ南光台ケアセンター そよ風,2021-12-22 13:10:18 +0900,022-388-4651
894511,株式会社ライフクリエイトデイサービスセンター花水木,2025-01-21 05:58:16 +0900,0581-27-0367
894702,株式会社ライフクリエイトデイサービスセンター花水木,2025-01-21 07:51:06 +0900,0581-27-0367
895313,株式会社ライフクリエイトデイサービスセンター花水木,2025-01-21 08:14:07 +0900,0581-27-0367
29186,株式会社ライフサポート・エガワ 戸田センター,2020-05-06 22:57:17 +0900,048-449-8211
317559,株式会社ライフサポート・エガワ神奈川センター,2022-06-28 19:06:05 +0900,042-703-9701
320029,株式会社ライフサポート・エガワ足立センター,2022-06-28 19:20:36 +0900,03-3897-5151
800960,株式会社ライフテラス　グループホーム憩いの生活館‐いっく,2024-11-14 19:23:38 +0900,088-879-3408
847507,株式会社ライフテラス　グループホーム憩いの生活館‐いっく,2024-12-11 01:36:20 +0900,088-879-3408
870509,株式会社ライフネットグループホームいろ花の里,2025-01-04 23:38:34 +0900,0235-78-7338
886965,株式会社らく楽 ナーシングホームらもーれ天白医療モール,2025-01-11 10:53:24 +0900,052-800-0100
800981,株式会社ラシエル　グループホームRASIEL高知,2024-11-14 19:23:38 +0900,088-846-6661
316700,株式会社ラルス大垣リサイクルセンター,2022-06-23 14:30:55 +0900,0584-71-7320
70577,株式会社リンデンナーシングホーム岡上,2020-11-24 11:44:20 +0900,044-455-4130
886634,株式会社ル・グラン ナーシングホーム形原,2025-01-11 10:53:24 +0900,0533-56-0123
36171,株式会社ローザス国立さくら病院,2020-06-24 08:57:43 +0900,042-577-1011
48637,株式会社ローザス大倉山記念病院,2020-08-06 11:31:50 +0900,045-531-2546
48640,株式会社ローザス特別養護老人ホーム ラスール麻生,2020-08-06 11:31:50 +0900,044-712-7722
48646,株式会社ローザス金沢病院,2020-08-06 11:31:51 +0900,045-781-2611
886914,株式会社ロックオン 上浜乃湯デイサービスセンター,2025-01-11 10:53:24 +0900,052-613-6211
872268,株式会社ワールドステイ　lデイサービスセンター春日和神宮寺,2025-01-05 05:33:07 +0900,076-208-3088
48620,株式会社ワコー不動産管理センター,2020-08-06 11:31:48 +0900,045-571-5460
833255,株式会社ワコー車検センター,2024-12-02 17:50:26 +0900,052-796-4455
886960,株式会社ワンダーサービス 有料老人ホームナーシングホームオレンジ中町,2025-01-11 10:53:24 +0900,0563-65-0225
894498,株式会社五十鈴介護住宅型有料老人ホームカーサ,2025-01-21 05:58:16 +0900,0572-44-8320
894689,株式会社五十鈴介護住宅型有料老人ホームカーサ,2025-01-21 07:51:06 +0900,0572-44-8320
895300,株式会社五十鈴介護住宅型有料老人ホームカーサ,2025-01-21 08:14:06 +0900,0572-44-8320
164194,株式会社京栄センター 西日本エリア,2022-05-12 11:13:41 +0900,052-414-5050
171212,株式会社人材バンク大分コールセンター,2022-05-16 20:19:10 +0900,097-524-2288
988061,株式会社佐合木材バイオマスセンター美濃加茂,2025-03-30 00:16:34 +0900,0574-26-3111
886481,株式会社倖健 介護付有料老人ホームサンハートライフ常滑,2025-01-11 10:53:23 +0900,0569-35-3393
800794,株式会社優美　グループホーム天の川,2024-11-14 19:23:38 +0900,0880-34-8882
800911,株式会社優美　グループホーム天の川,2024-11-14 19:23:38 +0900,0880-34-8882
847461,株式会社優美　有料老人ホームあったかホームなでしこ,2024-12-11 01:36:20 +0900,0880-37-1251
847444,株式会社優美　有料老人ホーム愛夢しまんと,2024-12-11 01:36:20 +0900,0880-31-1008
848119,株式会社優美　有料老人ホーム愛夢しまんと,2024-12-11 01:38:03 +0900,0880-31-1008
847579,株式会社優美有料老人ホーム愛夢しまんと,2024-12-11 01:36:20 +0900,0880-31-1008
848254,株式会社優美有料老人ホーム愛夢しまんと,2024-12-11 01:38:03 +0900,0880-31-1008
829669,株式会社共寿グループホーム千本松福寿苑,2024-12-02 00:28:22 +0900,0584-89-4994
829567,株式会社共寿グループホーム江並福壽苑,2024-12-02 00:28:21 +0900,0584-87-2350
894516,株式会社共寿グループホーム江並福壽苑,2025-01-21 05:58:16 +0900,0584-87-2350
894707,株式会社共寿グループホーム江並福壽苑,2025-01-21 07:51:06 +0900,0584-87-2350
895318,株式会社共寿グループホーム江並福壽苑,2025-01-21 08:14:07 +0900,0584-87-2350
886283,株式会社共寿デイサービスセンター養老「福寿苑」,2025-01-11 10:48:47 +0900,0584-34-3011
847148,株式会社共生バックアップシステム　デイサービスセンターフクシア,2024-12-11 01:36:19 +0900,0875-82-3351
590379,株式会社北寿住宅型有料老人ホーム雀の郷,2024-04-25 05:57:32 +0900,0770-20-1711
828648,株式会社吉昇幹みどりデイサービスセンター,2024-12-01 23:40:39 +0900,059-348-5656
829136,株式会社吉昇幹みどりデイサービスセンター,2024-12-02 00:01:06 +0900,059-348-5656
829826,株式会社吉昇幹みどりデイサービスセンター,2024-12-02 00:28:22 +0900,059-348-5656
1008993,株式会社吉昇幹みどりデイサービスセンター,2025-04-08 21:05:06 +0900,059-348-5656
828756,株式会社吉清会住宅型有料老人ホームかりん明和,2024-12-01 23:40:39 +0900,0596-53-1500
829244,株式会社吉清会住宅型有料老人ホームかりん明和,2024-12-02 00:01:06 +0900,0596-53-1500
829934,株式会社吉清会住宅型有料老人ホームかりん明和,2024-12-02 00:28:22 +0900,0596-53-1500
895642,株式会社品川屋 介護付き有料老人ホームグリーンヴィラペリデ長田,2025-01-22 07:55:45 +0900,054-201-1165
895621,株式会社品川屋 有料老人ホームペリデ長田,2025-01-22 07:55:45 +0900,054-201-1165
77371,株式会社埼玉スポーツセンターゆとりの郷にいざ温泉,2021-02-18 09:52:00 +0900,048-479-4126
886627,株式会社夢眠ホーム 小規模多機能型居宅介護夢眠ちよだばし,2025-01-11 10:53:24 +0900,052-715-3507
886828,株式会社大木家 まちのオアシスグループホーム前田,2025-01-11 10:53:24 +0900,0532-55-5311
886625,株式会社大木屋 まちのオアシスグループホーム横山,2025-01-11 10:53:24 +0900,0566-77-0305
995267,株式会社大栄グループホームさくらの里,2025-04-02 21:23:13 +0900,025-375-3131
870514,株式会社大礼住宅型有料老人ホーム手to手,2025-01-04 23:38:34 +0900,0172-69-2977
164072,株式会社安全システム情報センター広島本社,2022-05-12 11:13:17 +0900,:082-234-7277
886968,株式会社安芳 介護付有料老人ホーム永遠の郷,2025-01-11 10:53:24 +0900,0587-93-5577
886843,株式会社安里 東海橋苑グループホーム東起,2025-01-11 10:53:24 +0900,052-381-6800
51276,株式会社富久有料老人ホーム志木シルバーハイツ第...,2020-08-24 10:08:36 +0900,049-252-2515
895674,株式会社富士見プロジェクト グループホームさくら,2025-01-22 07:55:45 +0900,054-344-2230
887059,株式会社寿々チャレンジドホーム寿々港,2025-01-11 10:53:24 +0900,052-355-7332
886602,株式会社寿々ナーシングホーム寿々浄水,2025-01-11 10:53:24 +0900,0565-41-8555
153166,株式会社川徳介護付有料老人ホーム憩いの里・大垣,2022-05-04 11:19:10 +0900,0584-74-1330
800978,株式会社幸　デイサービスセンター幸のつどい,2024-11-14 19:23:38 +0900,088-855-4163
51950,株式会社日本エルダリーケアサービスデイホームゆ...,2020-08-31 08:54:59 +0900,045-508-6780
51288,株式会社日本介護センター日介ケアセンター花畑,2020-08-24 10:08:37 +0900,03-5851-3373
886708,株式会社朋優ナーシングホームいきいき細野,2025-01-11 10:53:24 +0900,0568-94-5225
1008968,株式会社朋優ナーシングホームいきいき細野,2025-04-08 21:05:06 +0900,0568-94-5225
590259,株式会社朋慈会デイサービスセンターひまり,2024-04-25 05:56:40 +0900,076-296-1822
320132,株式会社東京アクティー上尾センター,2022-06-28 19:21:14 +0900,048-779-5005
988011,株式会社東京アクティー山梨センター,2025-03-30 00:16:34 +0900,055-225-3331
316169,株式会社東京テレマーケティング池袋センター,2022-06-23 14:29:11 +0900,03-5396-4094
827658,株式会社東京ビデオセンター入社,2024-11-28 00:37:24 +0900,03-6261-7500
318010,株式会社東京運搬社加須医薬共配センター,2022-06-28 19:08:16 +0900,0480-76-3102
322700,株式会社林間 新宿募集センター,2022-06-28 19:35:47 +0900,03-5155-0743
319142,株式会社林間新宿募集センター,2022-06-28 19:14:42 +0900,03-5155-0743
886836,株式会社森津介護サービス グループホーム森津苑,2025-01-11 10:53:24 +0900,0565-54-0070
959136,株式会社武蔵野ロジスティクス八千代センター,2025-03-03 22:24:30 +0900,047-405-3611
318306,株式会社武蔵野ロジスティクス埼玉物流センター配送,2022-06-28 19:10:10 +0900,049-258-6851
954327,株式会社武蔵野ロジスティクス大和センター,2025-02-27 23:55:55 +0900,049-258-3000
959809,株式会社武蔵野ロジスティクス新横浜センター,2025-03-03 22:42:57 +0900,045-465-4650
318308,株式会社武蔵野ロジスティクス朝霞センター,2022-06-28 19:10:11 +0900,03-5848-5695
949795,株式会社武蔵野ロジスティクス朝霞センター,2025-02-20 18:14:52 +0900,03-5848-5695
318307,株式会社武蔵野ロジスティクス神奈川物流センター,2022-06-28 19:10:10 +0900,046-259-2261
959137,株式会社武蔵野ロジスティクス習志野物流センター,2025-03-03 22:24:30 +0900,047-408-2581
874213,株式会社洋敬通商　有料老人ホーム蘭方,2025-01-05 08:30:11 +0900,088-676-2317
886645,株式会社流行発信ホールディングス 介護付有料老人ホームてんぱくの憩,2025-01-11 10:53:24 +0900,052-806-1010
937261,株式会社流通サービス久喜センター,2025-02-13 23:51:14 +0900,0480-22-6149
837691,株式会社流通サービス仙台北センター,2024-12-05 17:11:32 +0900,022-771-9222
837898,株式会社流通サービス仙台北センター,2024-12-05 17:31:12 +0900,022-771-9222
839234,株式会社流通サービス仙台北センター,2024-12-09 18:21:57 +0900,022-771-9222
937265,株式会社流通サービス入間センター,2025-02-13 23:51:14 +0900,04-2960-0605
318429,株式会社流通サービス多摩ニュータウンセンター,2022-06-28 19:10:52 +0900,042-311-0851
937476,株式会社流通サービス姫路センター,2025-02-13 23:51:14 +0900,0790-35-8072
905722,株式会社流通サービス成田センター,2025-01-28 18:29:44 +0900,0476-29-4484
937285,株式会社流通サービス成田センター,2025-02-13 23:51:14 +0900,0476-29-4484
937262,株式会社流通サービス所沢センター,2025-02-13 23:51:14 +0900,04-2990-1291
318431,株式会社流通サービス東久留米センター,2022-06-28 19:10:52 +0900,0424-60-5100
318430,株式会社流通サービス町田センター,2022-06-28 19:10:52 +0900,042-798-5510
937317,株式会社流通サービス町田センター,2025-02-13 23:51:14 +0900,042-798-5510
643787,株式会社熊本流通情報センター,2024-05-19 12:50:17 +0900,096-377-2055
643897,株式会社熊本計算センター,2024-05-19 12:50:56 +0900,096-383-3384
319605,株式会社熊谷環境分析センター,2022-06-28 19:17:54 +0900,048-532-1655
321737,株式会社熊谷環境分析センター,2022-06-28 19:31:58 +0900,048-532-1655
433683,株式会社特定技能支援センター,2023-05-28 20:29:45 +0900,027-212-0275
602634,株式会社特定技能支援センター,2024-05-18 16:48:43 +0900,027-212-0275
690516,株式会社特定技能支援センター,2024-07-24 18:00:46 +0900,01-2077-4773
976353,株式会社特定技能支援センター,2025-03-15 23:16:27 +0900,272120275
171246,株式会社琉球人材派遣センター,2022-05-16 20:19:18 +0900,098-939-3225
648867,株式会社琉球人材派遣センター,2024-05-19 13:57:19 +0900,098-939-3225
886447,株式会社瑞穂介護センター グループホームあいる岡田,2025-01-11 10:53:23 +0900,0562-55-0030
895628,株式会社福与 介護付有料老人ホームナーシングホームあしたば,2025-01-22 07:55:45 +0900,054-288-0303
110296,株式会社福島人材派遣センター郡山支社[ビッグアイ登録センター],2021-08-23 13:55:33 +0900,024-925-3711
993211,株式会社福祉の杜デイサービス・有料老人ホーム福祉の杜,2025-04-02 20:27:40 +0900,0229-56-6062
886583,株式会社福祉の里 グループホーム遊楽苑師勝,2025-01-11 10:53:24 +0900,0568-26-5911
993232,株式会社紅葉住宅型有料老人ホーム悠泉の郷,2025-04-02 20:27:40 +0900,022-361-5377
995279,株式会社華輪ケアホームかりん二和,2025-04-02 21:23:13 +0900,047-449-2211
886934,株式会社街づくり総合研究所 介護付有料老人ホームエルダーハウス上前津,2025-01-11 10:53:24 +0900,052-350-7007
886377,株式会社街づくり総合研究所エルダーホーム志賀本通,2025-01-11 10:53:23 +0900,052-918-8555
1008920,株式会社街づくり総合研究所エルダーホーム志賀本通,2025-04-08 21:05:06 +0900,052-918-8555
36839,株式会社補償業務センター東京本社,2020-06-25 14:34:13 +0900,042-300-0566
320057,株式会社関根ロジスティクス神奈川物流センター,2022-06-28 19:20:46 +0900,045-227-8510
886964,株式会社麦島建設 介護付有料老人ホームエイジトピア星ヶ丘,2025-01-11 10:53:24 +0900,052-872-6106
990410,河合製氷冷蔵株式会社福岡第1物流センター,2025-03-30 14:59:41 +0900,092-931-3737
990392,河合製氷冷蔵株式会社福岡第2物流センター,2025-03-30 14:59:41 +0900,092-957-1607
994636,社会医療法人福島厚生会福島第一病院,2025-04-02 21:09:28 +0900,024-557-5111
886567,社会福祉法人　名古屋ライトハウス特別養護老人ホーム瀬古第一マザー園,2025-01-11 10:53:24 +0900,052-792-5556
886563,社会福祉法人　長福会特別養護老人ホーム　デイパーク大府,2025-01-11 10:53:24 +0900,0562-43-7885
886917,社会福祉法人tomoni plus 特別養護老人ホーム喜多乃郷,2025-01-11 10:53:24 +0900,052-659-3758
887050,社会福祉法人あいち 特別養護老人ホームメリーホーム幸田,2025-01-11 10:53:24 +0900,0564-64-6961
110292,社会福祉法人アイリス学園　特別養護老人ホームさわやかアイリス,2021-08-23 13:55:33 +0900,024-591-2185
870573,社会福祉法人あおぞら福祉会特別養護老人ホーム...,2025-01-04 23:38:34 +0900,045-548-3311
676917,社会福祉法人あかね会特別養護老人ホームあさひ苑,2024-06-12 20:39:48 +0900,富山県高岡市角561
676920,社会福祉法人あかね会特別養護老人ホームあさひ苑ア...,2024-06-12 20:39:49 +0900,富山県高岡市鷲北新171
676871,社会福祉法人あさひ会特別養護老人ホームあたかの郷,2024-06-12 20:39:30 +0900,石川県小松市安宅町ル1番地28
676787,社会福祉法人あすなろ福祉会特別養護老人ホームいやしのさと,2024-06-12 20:38:58 +0900,滋賀県犬上郡豊郷町沢506-1
1007959,社会福祉法人アルペン会特別養護老人ホームアルペ...,2025-04-08 20:36:23 +0900,076-451-1000
995291,社会福祉法人あわの会特別養護老人ホーム幸豊苑,2025-04-02 21:23:13 +0900,047-443-5665
676882,社会福祉法人いずみ福祉会特別養護老人ホームいずみ園,2024-06-12 20:39:35 +0900,石川県金沢市増泉4丁目4番28号
996913,社会福祉法人いずみ福祉会特別養護老人ホームス...,2025-04-02 21:56:16 +0900,024-937-3737
676666,社会福祉法人ウエルケア特別養護老人ホーム伊勢あさま苑,2024-06-12 20:38:09 +0900,三重県津市上浜町6丁目277‐1
844242,社会福祉法人うぐいす会特別養護老人ホーム誉田園,2024-12-10 21:15:23 +0900,043-291-2524
992967,社会福祉法人エンゼル福祉会特別養護老人ホーム藤代なごみの郷,2025-04-02 20:22:48 +0900,0297-82-7530
886575,社会福祉法人かなえ福祉会特別養護老人ホーム　すないの家　千種,2025-01-11 10:53:24 +0900,052-773-7955
886714,社会福祉法人ケアマキス特別養護老人ホームケア...,2025-01-11 10:53:24 +0900,052-693-5461
828716,社会福祉法人けやき福祉会特別養護老人ホーム鈴鹿...,2024-12-01 23:40:39 +0900,059-389-7666
829204,社会福祉法人けやき福祉会特別養護老人ホーム鈴鹿...,2024-12-02 00:01:06 +0900,059-389-7666
829894,社会福祉法人けやき福祉会特別養護老人ホーム鈴鹿...,2024-12-02 00:28:22 +0900,059-389-7666
676935,社会福祉法人こうけん会特別養護老人ホームはくい...,2024-06-12 20:39:55 +0900,石川県羽咋市島出町上1番地3
676936,社会福祉法人こうけん会特別養護老人ホーム第二宝...,2024-06-12 20:39:55 +0900,石川県羽咋郡宝達志水町小川ハ250番地
676883,社会福祉法人こころ小規模特別養護老人ホームこころのだの里,2024-06-12 20:39:35 +0900,石川県金沢市長坂町ヲ192-3
800939,社会福祉法人ザ・ハート・クラブ　デイサービスセンター　サイタ,2024-11-14 19:23:38 +0900,088-856-5761
800826,社会福祉法人ザ・ハート・クラブ　デイサービスセンターサムフォット,2024-11-14 19:23:38 +0900,088-840-7222
847413,社会福祉法人ザ・ハート・クラブ　デイサービスセンターサムフォット,2024-12-11 01:36:20 +0900,088-840-7222
887131,社会福祉法人サン・ビジョン 特別養護老人ホームグレイスフル春日井,2025-01-11 10:53:25 +0900,0568-89-2301
886526,社会福祉法人サン・ビジョン特別養護老人ホームジョイフル布袋,2025-01-11 10:53:24 +0900,0587-51-1811
844222,社会福祉法人サンホーム障害者支援施設金津サンホ...,2024-12-10 21:15:23 +0900,0776-73-5033
163429,社会福祉法人すいよう会特別養護老人ホームアソ...,2022-05-12 11:11:32 +0900,0897-46-5353
844216,社会福祉法人すみれ会吉祥苑デイサービスセンター,2024-12-10 21:15:23 +0900,0598-51-1788・1688
828738,社会福祉法人すみれ会特別養護老人ホーム第二吉...,2024-12-01 23:40:39 +0900,0598-51-1788
829226,社会福祉法人すみれ会特別養護老人ホーム第二吉...,2024-12-02 00:01:06 +0900,0598-51-1788
829916,社会福祉法人すみれ会特別養護老人ホーム第二吉...,2024-12-02 00:28:22 +0900,0598-51-1788
844213,社会福祉法人セントラル特別養護老人ホームもとだて荘,2024-12-10 21:15:23 +0900,0198-41-6131
886541,社会福祉法人せんねん村 グループホームとみやま,2025-01-11 10:53:24 +0900,0563-58-9311
887081,社会福祉法人せんねん村 特別養護老人ホームせんねん村矢曽根,2025-01-11 10:53:24 +0900,0563-65-5533
844212,社会福祉法人そうび会特別養護老人ホームつるぎ荘,2024-12-10 21:15:23 +0900,072-286-2828
870578,社会福祉法人つくし会特別養護老人ホームつくし荘,2025-01-04 23:38:34 +0900,0173-72-7111
844209,社会福祉法人つるかめ特別養護老人ホームつるかめの縁,2024-12-10 21:15:23 +0900,023-652-1255
676897,社会福祉法人となみ野会特別養護老人ホーム砺波ふ...,2024-06-12 20:39:40 +0900,富山県砺波市神島756-1
676611,社会福祉法人ともいき福祉会特別養護老人ホーム...,2024-06-12 20:37:49 +0900,岐阜県岐阜市六条東1-13-12
1008780,社会福祉法人にいがた美咲福祉会特別養護老人ホーム...,2025-04-08 21:05:06 +0900,025-288-5221
801164,社会福祉法人ネットファミリー  グループホームトマトの樹,2024-11-14 19:23:39 +0900,088-878-7588
676889,社会福祉法人はくさん会特別養護老人ホーム美杉の郷,2024-06-12 20:39:37 +0900,石川県白山市桑島4号87番地5
676620,社会福祉法人はしま特別養護老人ホーム光輝苑,2024-06-12 20:37:52 +0900,岐阜県羽島市桑原町東方287-1
676934,社会福祉法人ひみ福祉会特別養護老人ホームすわ苑,2024-06-12 20:39:54 +0900,富山県氷見市柳田字諏訪野3892番地の1
1007950,社会福祉法人ひみ福祉会特別養護老人ホームすわ苑,2025-04-08 20:36:23 +0900,0766-91-2627
800842,社会福祉法人ファミーユ高知　高知ハビリテーリングセンター,2024-11-14 19:23:38 +0900,088-842-1921
676617,社会福祉法人フェニックスグループホームサニーテ...,2024-06-12 20:37:51 +0900,岐阜県各務原市須衛町1-132
835555,社会福祉法人ふくじゅの森特別養護老人ホーム寛ぎの郷,2024-12-03 12:46:33 +0900,0224-51-8211
800845,社会福祉法人ふるさと自然村　グループホームのいち,2024-11-14 19:23:38 +0900,0887-56-3388
800791,社会福祉法人ふるさと自然村　グループホームやす,2024-11-14 19:23:38 +0900,0887-54-1213
800854,社会福祉法人ふるさと自然村　グループホームやす,2024-11-14 19:23:38 +0900,0887-54-1213
847437,社会福祉法人ふるさと自然村　グループホームやす,2024-12-11 01:36:20 +0900,0887-54-1213
847504,社会福祉法人ふるさと自然村　グループホームやす,2024-12-11 01:36:20 +0900,0887-54-1213
800928,社会福祉法人ふるさと自然村　グループホーム大津,2024-11-14 19:23:38 +0900,088-866-3091
847450,社会福祉法人ふるさと自然村　グループホーム大津,2024-12-11 01:36:20 +0900,088-866-3091
800796,社会福祉法人ふるさと自然村　特別養護老人ホームたち...,2024-11-14 19:23:38 +0900,088-864-0900
847497,社会福祉法人ふるさと自然村　特別養護老人ホームたちばなの里,2024-12-11 01:36:20 +0900,088-864-0900
847531,社会福祉法人ふるさと自然村 特別養護老人ホームふる...,2024-12-11 01:36:20 +0900,088-828-8488
800787,社会福祉法人ふるさと自然村　特別養護老人ホームふるさとの丘,2024-11-14 19:23:38 +0900,088-828-8488
800793,社会福祉法人ふるさと自然村　特別養護老人ホーム陽だ...,2024-11-14 19:23:38 +0900,088-866-0288
800876,社会福祉法人ふるさと自然村　養護老人ホーム双名園,2024-11-14 19:23:38 +0900,0889-52-2439
153190,社会福祉法人ほほえみ福祉会特別養護老人ホーム...,2022-05-04 11:19:14 +0900,0594-82-7711
847366,社会福祉法人まほろば福祉会特別養護老人ホーム扇寿,2024-12-11 01:36:20 +0900,087-815-8231
848041,社会福祉法人まほろば福祉会特別養護老人ホーム扇寿,2024-12-11 01:38:03 +0900,087-815-8231
886660,社会福祉法人みどりの里 特別養護老人ホーム豊水園,2025-01-11 10:53:24 +0900,0565-74-2680
886368,社会福祉法人みどりの里特別養護老人ホーム笑いの家,2025-01-11 10:53:23 +0900,0565-58-4165
1007745,社会福祉法人みのりの村特別養護老人ホーム海,2025-04-08 20:36:23 +0900,0475-80-5010
844184,社会福祉法人やすらぎ福祉会特別養護老人ホームや...,2024-12-10 21:15:23 +0900,076-269-0808
886690,社会福祉法人ユーアンドアイ特別養護老人ホーム額田の里,2025-01-11 10:53:24 +0900,0564-82-4370
870583,社会福祉法人ユニケアグループホームたいじん荘,2025-01-04 23:38:34 +0900,0223-33-1601
835588,社会福祉法人ユニケア特別養護老人ホームけいけん荘,2024-12-03 12:46:33 +0900,0223-34-8166
1005748,社会福祉法人ユニケア特別養護老人ホームけいけん荘,2025-04-08 17:58:45 +0900,0223-34-8166
590455,社会福祉法人わかたけ共済部デイサービスセンター...,2024-04-25 05:58:09 +0900,0778-54-7300
590370,社会福祉法人わかたけ共済部養護老人ホーム太子園,2024-04-25 05:57:29 +0900,077-823-0600
590405,社会福祉法人一乗谷友愛会グループホームあさくら,2024-04-25 05:57:47 +0900,0776-41-8408
676942,社会福祉法人三寿会特別養護老人ホーム三寿苑,2024-06-12 20:39:58 +0900,富山市大島三丁目147番地
676928,社会福祉法人三福特別養護老人ホーム氷見鶴寿苑,2024-06-12 20:39:52 +0900,富山県氷見市鞍川1902-4
1007944,社会福祉法人三福特別養護老人ホーム氷見鶴寿苑,2025-04-08 20:36:23 +0900,0766-72-2310
676643,社会福祉法人三重ベタニヤ地域密着型特別養護老人ホームグレイスホーム,2024-06-12 20:38:01 +0900,三重県津市豊が丘五丁目47番6-1号
828620,社会福祉法人三重健寿会特別養護老人ホーム往還,2024-12-01 23:40:39 +0900,059-377-6011
829108,社会福祉法人三重健寿会特別養護老人ホーム往還,2024-12-02 00:01:06 +0900,059-377-6011
829798,社会福祉法人三重健寿会特別養護老人ホーム往還,2024-12-02 00:28:22 +0900,059-377-6011
844165,社会福祉法人三重健寿会特別養護老人ホーム往還,2024-12-10 21:15:23 +0900,059-377-6011
1008982,社会福祉法人三重健寿会特別養護老人ホーム往還,2025-04-08 21:05:06 +0900,059-377-6011
844164,社会福祉法人三重福祉会特別養護老人ホーム陽光苑,2024-12-10 21:15:23 +0900,059-331-5183
676891,社会福祉法人久楽会白山ぬくもりホーム,2024-06-12 20:39:38 +0900,石川県白山市八ツ矢町124番地1
844156,社会福祉法人二津屋福祉会ロゼホームつきみ野,2024-12-10 21:15:23 +0900,046-272-8808
676662,社会福祉法人伊勢亀鈴会宮の里ミタスメモリアルホーム,2024-06-12 20:38:08 +0900,三重県鈴鹿市八野町428-1
382511,社会福祉法人伸生紀居宅介護支援センターこもれび,2022-11-21 18:39:27 +0900,0964-47-6200
676542,社会福祉法人信愛会グループホーム菜の花ホーム,2024-06-12 20:37:20 +0900,静岡県沼津市中瀬町17番11号
61138,社会福祉法人健仁会特別養護老人ホーム千の風・清澄,2020-10-09 08:15:29 +0900,04-7099-5611
844142,社会福祉法人健和会特別養護老人ホームパークレ...,2024-12-10 21:15:23 +0900,059-476-0760
58969,社会福祉法人元気村栗橋ナーシングホーム翔裕園,2020-10-01 08:47:14 +0900,0480-55-2024
722167,社会福祉法人元気村特別養護老人ホーム栗橋翔裕園,2024-08-28 07:52:32 +0900,0480-52-6611
870586,社会福祉法人光寿会特別養護老人ホーム光寿苑,2025-01-04 23:38:34 +0900,0197-84-2526
872308,社会福祉法人光道園　養護盲老人ホーム第二光が丘ハウス,2025-01-05 05:33:07 +0900,0778-34-8001
828656,社会福祉法人光風会特別養護老人ホームアイリス,2024-12-01 23:40:39 +0900,0594-72-7722
829144,社会福祉法人光風会特別養護老人ホームアイリス,2024-12-02 00:01:06 +0900,0594-72-7722
829834,社会福祉法人光風会特別養護老人ホームアイリス,2024-12-02 00:28:22 +0900,0594-72-7722
844137,社会福祉法人光風会特別養護老人ホーム芙蓉荘,2024-12-10 21:15:23 +0900,0234-31-2525
1005081,社会福祉法人光風会特別養護老人ホーム芙蓉荘,2025-04-08 17:33:02 +0900,0234-31-2525
895524,社会福祉法人公友会ケアホーム三方原,2025-01-22 07:51:55 +0900,053-439-0777
895925,社会福祉法人公友会ケアホーム三方原,2025-01-22 08:01:41 +0900,053-439-0777
896081,社会福祉法人公友会ケアホーム三方原,2025-01-22 08:06:07 +0900,053-439-0777
896237,社会福祉法人公友会ケアホーム三方原,2025-01-22 08:17:04 +0900,053-439-0777
896393,社会福祉法人公友会ケアホーム三方原,2025-01-22 08:28:55 +0900,053-439-0777
896549,社会福祉法人公友会ケアホーム三方原,2025-01-22 08:38:39 +0900,053-439-0777
857636,社会福祉法人兼六福祉会特別養護老人ホームけん...,2024-12-19 04:37:20 +0900,076-222-5320
1007896,社会福祉法人兼六福祉会特別養護老人ホームけん...,2025-04-08 20:36:23 +0900,076-222-5320
676873,社会福祉法人兼六福祉会特別養護老人ホームけんろく苑田上,2024-06-12 20:39:31 +0900,石川県金沢市田上本町2丁目159番地
676544,社会福祉法人函要会特別養護老人ホーム函南・ぶなの森,2024-06-12 20:37:21 +0900,静岡県田方郡函南町仁田284-5
993219,社会福祉法人創生会特別養護老人ホーム創生園泉大沢,2025-04-02 20:27:40 +0900,022-772-5130
870589,社会福祉法人創誠会特別養護老人ホーム市川ひかり,2025-01-04 23:38:34 +0900,047-700-5256
1007744,社会福祉法人創誠会特別養護老人ホーム市川ひかり,2025-04-08 20:36:23 +0900,047-700-5256
993202,社会福祉法人功寿会グループホーム市川桜の家,2025-04-02 20:27:40 +0900,022-355-0396
365645,社会福祉法人北海道ハピニス和幸園ホームヘルプサービス/和幸園ホームヘルプサービス,2022-10-02 15:01:55 +0900,011-591-5211
895599,社会福祉法人十字の園 御殿場十字の園グループホーム笑みの里,2025-01-22 07:55:45 +0900,0550-82-8886
676886,社会福祉法人千木福祉会小規模特別養護老人ホーム...,2024-06-12 20:39:36 +0900,石川県金沢市疋田3丁目58番地
857651,社会福祉法人千木福祉会特別養護老人ホーム千木園,2024-12-19 04:37:20 +0900,076-257-0950
1007922,社会福祉法人千木福祉会特別養護老人ホーム千木園,2025-04-08 20:36:23 +0900,076-257-0950
993239,社会福祉法人千葉福祉会グループホームなごみ,2025-04-02 20:27:40 +0900,0228-22-2988
382533,社会福祉法人博医会老人介護支援センター白鳥の里,2022-11-21 18:39:34 +0900,025-265-7111
676839,社会福祉法人博寿会特別養護老人ホームてんとう虫王寺,2024-06-12 20:39:18 +0900,奈良県香芝市平野23‐1
676661,社会福祉法人博愛会特別養護老人ホームルーエハ...,2024-06-12 20:38:07 +0900,三重県鈴鹿市平田一丁目3番15号
828614,社会福祉法人博愛会特別養護老人ホームルーエハイム,2024-12-01 23:40:39 +0900,059-372-3811
829102,社会福祉法人博愛会特別養護老人ホームルーエハイム,2024-12-02 00:01:06 +0900,059-372-3811
829792,社会福祉法人博愛会特別養護老人ホームルーエハイム,2024-12-02 00:28:22 +0900,059-372-3811
844112,社会福祉法人博愛会特別養護老人ホームルーエハイム,2024-12-10 21:15:23 +0900,059-372-3811
993209,社会福祉法人友徳会特別養護老人ホーム万葉の里,2025-04-02 20:27:40 +0900,022-347-2255
1005763,社会福祉法人友徳会特別養護老人ホーム万葉の里,2025-04-08 17:58:45 +0900,022-347-2255
894543,社会福祉法人吉清会特別養護老人ホームかりん,2025-01-21 05:58:16 +0900,0596-62-3300
894734,社会福祉法人吉清会特別養護老人ホームかりん,2025-01-21 07:51:06 +0900,0596-62-3300
895345,社会福祉法人吉清会特別養護老人ホームかりん,2025-01-21 08:14:07 +0900,0596-62-3300
847158,社会福祉法人吉祥　グループホーム吉祥,2024-12-11 01:36:19 +0900,087-880-0768
676672,社会福祉法人名張厚生協会名張特別養護老人ホーム,2024-06-12 20:38:12 +0900,三重県名張市朝日町1357番地の1
993259,社会福祉法人和仁福祉会特別養護老人ホーム涼風園,2025-04-02 20:27:40 +0900,0225-24-5861
1005761,社会福祉法人和仁福祉会特別養護老人ホーム涼風園,2025-04-08 17:58:45 +0900,0225-24-5861
835528,社会福祉法人善俊会特別養護老人ホームウィング,2024-12-03 12:46:33 +0900,022-359-8182
995340,社会福祉法人善俊会特別養護老人ホームウィング,2025-04-02 21:23:13 +0900,022-359-8182
835657,社会福祉法人善光会とちぎライトセンター,2024-12-03 12:46:33 +0900,028-670-3171
676628,社会福祉法人善心会グループホームりんどう,2024-06-12 20:37:55 +0900,岐阜県安八郡神戸町北一色10番地
676576,社会福祉法人喜望会グループホームみのがみの杜,2024-06-12 20:37:34 +0900,岐阜県美濃市上野2番地2
590437,社会福祉法人国見慈光会グループホームゆうなぎ,2024-04-25 05:58:00 +0900,0776-88-2440
676737,社会福祉法人大協会特別養護老人ホームハートフル...,2024-06-12 20:38:37 +0900,大阪府池田市伏尾町12番地1
676813,社会福祉法人大和会特別養護老人ホームつつじの丘,2024-06-12 20:39:08 +0900,奈良県山辺郡山添村切幡1432番地118
676575,社会福祉法人大和社会福祉事業センター,2024-06-12 20:37:33 +0900,岐阜県関市春里町3丁目3番34号
829675,社会福祉法人大和社会福祉事業センター特別養護老人...,2024-12-02 00:28:22 +0900,0585-55-2611
894501,社会福祉法人大和社会福祉事業センター特別養護老人...,2025-01-21 05:58:16 +0900,0585-55-2611
894692,社会福祉法人大和社会福祉事業センター特別養護老人...,2025-01-21 07:51:06 +0900,0585-55-2611
895303,社会福祉法人大和社会福祉事業センター特別養護老人...,2025-01-21 08:14:06 +0900,0585-55-2611
676639,社会福祉法人大和社会福祉事業センター特別養護老人ホームハートヴィレッヂ谷汲の杜,2024-06-12 20:37:59 +0900,岐阜県揖斐郡揖斐川町谷汲名礼1248-13
676633,社会福祉法人大東福祉会特別養護老人ホームゴールドライフ大東,2024-06-12 20:37:57 +0900,岐阜県大垣市東前1丁目79番地
993233,社会福祉法人大樹特別養護老人ホームせんじゅ,2025-04-02 20:27:40 +0900,022-277-9455
676810,社会福祉法人天寿会特別養護老人ホームひびきの郷,2024-06-12 20:39:07 +0900,奈良県天理市岸田町1199
875805,社会福祉法人太陽の村　特別養護老人ホーム柳光,2025-01-10 02:00:08 +0900,0746-35-9294
828657,社会福祉法人太陽の里グループホームまごころ,2024-12-01 23:40:39 +0900,0598-25-6555
829145,社会福祉法人太陽の里グループホームまごころ,2024-12-02 00:01:06 +0900,0598-25-6555
829835,社会福祉法人太陽の里グループホームまごころ,2024-12-02 00:28:22 +0900,0598-25-6555
676686,社会福祉法人太陽の里特別養護老人ホーム第2まごころ苑,2024-06-12 20:38:17 +0900,三重県松阪市若葉町80番地5
590358,社会福祉法人太陽会特別養護老人ホームアニス松岡,2024-04-25 05:57:25 +0900,077-661-0725
844081,社会福祉法人太陽会特別養護老人ホームめぐみの里,2024-12-10 21:15:23 +0900,04-7098-1000
844077,社会福祉法人孝楽会特別養護老人ホームけやき荘,2024-12-10 21:15:23 +0900,045-470-3900
676780,社会福祉法人守皓会特別養護老人ホームありだ橘苑,2024-06-12 20:38:55 +0900,和歌山県有田市宮崎町841-1
828768,社会福祉法人宏育会特別養護老人ホームよっかいち...,2024-12-01 23:40:39 +0900,059-338-3000
829256,社会福祉法人宏育会特別養護老人ホームよっかいち...,2024-12-02 00:01:06 +0900,059-338-3000
829946,社会福祉法人宏育会特別養護老人ホームよっかいち...,2024-12-02 00:28:22 +0900,059-338-3000
844076,社会福祉法人宏育会特別養護老人ホームよっかいち...,2024-12-10 21:15:23 +0900,059-338-3000
847147,社会福祉法人宝樹園　特別養護老人ホーム宝樹リノ,2024-12-11 01:36:19 +0900,0877-86-1010
847319,社会福祉法人宝樹園　特別養護老人ホーム青の山荘,2024-12-11 01:36:20 +0900,0877-25-1200
828639,社会福祉法人実践特別養護老人ホーム優美,2024-12-01 23:40:39 +0900,059-264-0505
829127,社会福祉法人実践特別養護老人ホーム優美,2024-12-02 00:01:06 +0900,059-264-0505
829817,社会福祉法人実践特別養護老人ホーム優美,2024-12-02 00:28:22 +0900,059-264-0505
844073,社会福祉法人実践特別養護老人ホーム優美,2024-12-10 21:15:23 +0900,059-264-0505
676838,社会福祉法人室生会特別養護老人ホーム室生園,2024-06-12 20:39:18 +0900,奈良県宇陀市室生下田口1216番
870592,社会福祉法人宮城福祉会特別養護老人ホーム山王,2025-01-04 23:38:34 +0900,0228-52-2880
844069,社会福祉法人富山市桜谷福祉会特別養護老人ホーム...,2024-12-10 21:15:23 +0900,076-433-8881
886196,社会福祉法人富田福祉会特別養護老人ホーム松寿苑,2025-01-11 10:48:47 +0900,052-301-3141
676750,社会福祉法人寿光会地域密着型特別養護老人ホーム...,2024-06-12 20:38:42 +0900,大阪府八尾市神宮寺1丁目154番地
676548,社会福祉法人寿康会特別養護老人ホーム徳風園特...,2024-06-12 20:37:22 +0900,静岡県駿東郡小山町上野1440番地の1
676931,社会福祉法人小杉福祉会特別養護老人ホームエスポ...,2024-06-12 20:39:53 +0900,富山県射水市池多822番地
590326,社会福祉法人小杉福祉会特別養護老人ホーム大江苑,2024-04-25 05:57:13 +0900,0766-55-8888
1007952,社会福祉法人小杉福祉会特別養護老人ホーム大江苑,2025-04-08 20:36:23 +0900,0766-55-8888
676925,社会福祉法人小杉福祉会特別養護老人ホーム太閤...,2024-06-12 20:39:51 +0900,富山県射水市中太閤山18丁目1-2
676552,社会福祉法人小田原福祉会デイサービスセンター萩...,2024-06-12 20:37:24 +0900,山梨県甲州市塩山下小田原590-3
676601,社会福祉法人岐東福祉会グループホームはなみずき黒野,2024-06-12 20:37:45 +0900,岐阜県岐阜市下鵜飼1511-1
829707,社会福祉法人岐阜老人ホーム第三岐阜老人ホーム,2024-12-02 00:28:22 +0900,058-244-3500
1001609,社会福祉法人峰林会特別養護老人ホーム峰林荘,2025-04-03 17:05:52 +0900,0297-48-3587
152349,社会福祉法人平安会特別養護老人ホーム 大和の里,2022-04-25 17:06:26 +0900,0745-58-2525
676768,社会福祉法人平成福祉会特別養護老人ホームかぐのみ苑,2024-06-12 20:38:49 +0900,和歌山県海南市下津町丸田1111-1
1007956,社会福祉法人幸恵会特別養護老人ホーム晴風荘,2025-04-08 20:36:23 +0900,076-478-3681
676625,社会福祉法人幸紀会特別養護老人ホーム燦燦,2024-06-12 20:37:54 +0900,岐阜県岐阜市鏡島南1丁目2番33号
894499,社会福祉法人幸紀会特別養護老人ホーム燦燦,2025-01-21 05:58:16 +0900,058-254-1533
894690,社会福祉法人幸紀会特別養護老人ホーム燦燦,2025-01-21 07:51:06 +0900,058-254-1533
895301,社会福祉法人幸紀会特別養護老人ホーム燦燦,2025-01-21 08:14:06 +0900,058-254-1533
844044,社会福祉法人広寿会特別養護老人ホームいすみ苑,2024-12-10 21:15:23 +0900,0470-86-5560
1007960,社会福祉法人廣和会特別養護老人ホームカモメ荘,2025-04-08 20:36:23 +0900,076-476-5666
863867,社会福祉法人弘仁会特別養護老人ホームレインボー...,2024-12-25 08:25:17 +0900,06-6755-6700
844039,社会福祉法人弘仁会特別養護老人ホーム国津園,2024-12-10 21:15:23 +0900,0595-69-1316
844031,社会福祉法人徳栄会特別養護老人ホーム成田苑,2024-12-10 21:15:23 +0900,0476-36-6311
844030,社会福祉法人徳栄会特別養護老人ホーム芝山苑,2024-12-10 21:15:23 +0900,0479-77-1331
886954,社会福祉法人徳永会すばる 特別養護老人ホーム第2すばる,2025-01-11 10:53:24 +0900,0565-51-2500
886390,社会福祉法人徳永会すばる特別養護老人ホームすばる,2025-01-11 10:53:23 +0900,0565-32-2222
870599,社会福祉法人徳良会養護老人ホーム万寿荘,2025-01-04 23:38:34 +0900,023-722-1325
847056,社会福祉法人志度玉浦園　特別養護老人ホーム志度玉浦園,2024-12-11 01:36:19 +0900,087-894-5868
894536,社会福祉法人恒心福祉会特別養護老人ホームうがた苑,2025-01-21 05:58:16 +0900,0599-65-7766
894727,社会福祉法人恒心福祉会特別養護老人ホームうがた苑,2025-01-21 07:51:06 +0900,0599-65-7766
895338,社会福祉法人恒心福祉会特別養護老人ホームうがた苑,2025-01-21 08:14:07 +0900,0599-65-7766
1008974,社会福祉法人恒心福祉会特別養護老人ホームうがた苑,2025-04-08 21:05:06 +0900,0599-65-7766
828742,社会福祉法人恒心福祉会特別養護老人ホームふたみ苑,2024-12-01 23:40:39 +0900,0596-44-0700
829230,社会福祉法人恒心福祉会特別養護老人ホームふたみ苑,2024-12-02 00:01:06 +0900,0596-44-0700
829920,社会福祉法人恒心福祉会特別養護老人ホームふたみ苑,2024-12-02 00:28:22 +0900,0596-44-0700
176485,社会福祉法人恩賜財団済生会姫原特別養護老人ホーム,2022-05-19 19:51:37 +0900,089-926-8388
676907,社会福祉法人恩賜財団済生会富山県済生会富山病院,2024-06-12 20:39:44 +0900,富山県富山市楠木33-1
163407,社会福祉法人恩賜財団済生会松山病院,2022-05-12 11:11:28 +0900,089-951-6111
676582,社会福祉法人恵北福祉会特別養護老人ホーム福寿苑,2024-06-12 20:37:37 +0900,岐阜県恵那市上矢作町下723番地1
676580,社会福祉法人恵和会特別養護老人ホーム万年青苑,2024-06-12 20:37:36 +0900,岐阜県恵那市長島町永田381番地49
829573,社会福祉法人恵和会特別養護老人ホーム万年青苑,2024-12-02 00:28:21 +0900,0573-26-3021
828647,社会福祉法人恵成会特別養護老人ホームおおぞら,2024-12-01 23:40:39 +0900,0595-21-8278
829135,社会福祉法人恵成会特別養護老人ホームおおぞら,2024-12-02 00:01:06 +0900,0595-21-8278
829825,社会福祉法人恵成会特別養護老人ホームおおぞら,2024-12-02 00:28:22 +0900,0595-21-8278
676858,社会福祉法人恵泉会特別養護老人ホーム菊水園,2024-06-12 20:39:26 +0900,滋賀県東近江市下里町789番地
993226,社会福祉法人悠悠会グループホーム楽笑,2025-04-02 20:27:40 +0900,0229-87-5120
895587,社会福祉法人悠泰の郷 地域密着型特別養護老人ホーム,2025-01-22 07:55:45 +0900,053-438-5785
992960,社会福祉法人愛信会グループホーム「いちょうの木」,2025-04-02 20:22:48 +0900,029-840-1050
992957,社会福祉法人愛信会特別養護老人ホーム「くきの里」,2025-04-02 20:22:48 +0900,029-840-1131
992949,社会福祉法人愛信会特別養護老人ホームくきの里,2025-04-02 20:22:48 +0900,029-840-1131
992910,社会福祉法人愛光会らいふホーム長堀,2025-04-02 20:22:48 +0900,029-272-2171
995303,社会福祉法人愛弘会特別養護老人ホーム船橋愛弘園,2025-04-02 21:23:13 +0900,047-466-6377
1006735,社会福祉法人愛弘会特別養護老人ホーム船橋愛弘園,2025-04-08 18:25:08 +0900,047-466-6377
676632,社会福祉法人愛燦会特別養護老人ホーム長寿の里・...,2024-06-12 20:37:56 +0900,岐阜県海津市南濃町境字石割70-1
853733,社会福祉法人愛燦会障がい者センターあいさんハ...,2024-12-17 03:54:17 +0900,0584-52-1294
886545,社会福祉法人愛知たいようの杜特別養護老人ホーム愛知たいようの杜,2025-01-11 10:53:24 +0900,0561-62-5151
886531,社会福祉法人愛知三愛福祉会特別養護老人ホームのぞみ,2025-01-11 10:53:24 +0900,0561-75-4321
886929,社会福祉法人愛知県厚生事業団 愛厚ホーム岡崎苑,2025-01-11 10:53:24 +0900,0564-52-7715
887184,社会福祉法人愛知県厚生事業団 特別養護老人ホーム愛厚ホーム豊川苑,2025-01-11 10:53:25 +0900,0533-87-2577
886962,社会福祉法人愛知育児院 特別養護老人ホーム南山の郷,2025-01-11 10:53:24 +0900,052-831-3451
676563,社会福祉法人慈幸会特別養護老人ホームすいせんの里,2024-06-12 20:37:29 +0900,三重県桑名郡木曽岬町大字和富10番8
828645,社会福祉法人慈幸会特別養護老人ホームすいせんの里,2024-12-01 23:40:39 +0900,0567-68-6565
829133,社会福祉法人慈幸会特別養護老人ホームすいせんの里,2024-12-02 00:01:06 +0900,0567-68-6565
829823,社会福祉法人慈幸会特別養護老人ホームすいせんの里,2024-12-02 00:28:22 +0900,0567-68-6565
843986,社会福祉法人慶美会南八幡デイサービスセンター,2024-12-10 21:15:23 +0900,047-378-3811
843984,社会福祉法人慶美会特別養護老人ホーム市川ヒルズ,2024-12-10 21:15:23 +0900,047-337-9888
853731,社会福祉法人成祥福祉会特別養護老人ホーム岩崎あ...,2024-12-17 03:54:17 +0900,0568-29-6251
676961,社会福祉法人戸出福祉会特別養護老人ホームだいご苑,2024-06-12 20:40:05 +0900,富山県高岡市醍醐1257番地
843965,社会福祉法人敬親会特別養護老人ホームさわやか園,2024-12-10 21:15:23 +0900,0595-22-0001
1008896,社会福祉法人斉慎会特別養護老人ホーム西之島の郷,2025-04-08 21:05:06 +0900,0538-39-4165
676790,社会福祉法人新旭みのり会特別養護老人ホームあ...,2024-06-12 20:38:59 +0900,滋賀県高島市新旭町藁園2603番地
676924,社会福祉法人新湊福祉会特別養護老人ホーム和の...,2024-06-12 20:39:51 +0900,富山県高岡市長江464-1
676638,社会福祉法人新生会特別養護老人ホームサンビレッジ瑞穂,2024-06-12 20:37:59 +0900,岐阜県揖斐郡池田町本郷1501 0585-45-5545
884358,社会福祉法人日進福祉会特別養護老人ホーム大高,2025-01-11 09:32:39 +0900,052-625-3314
894430,社会福祉法人日進福祉会特別養護老人ホーム大高,2025-01-21 05:58:16 +0900,052-625-3314
894621,社会福祉法人日進福祉会特別養護老人ホーム大高,2025-01-21 07:51:06 +0900,052-625-3314
895232,社会福祉法人日進福祉会特別養護老人ホーム大高,2025-01-21 08:14:06 +0900,052-625-3314
993243,社会福祉法人旭壽会特別養護老人ホームおしか清心苑,2025-04-02 20:27:40 +0900,0225-44-1654
1005785,社会福祉法人旭壽会特別養護老人ホームおしか清心苑,2025-04-08 17:58:45 +0900,0225-44-1654
1005846,社会福祉法人明徳舎特別養護老人ホーム青葉の杜,2025-04-08 17:58:45 +0900,0287-65-3070
858205,社会福祉法人明日香楽園　特別養護老人ホームあすかの里,2024-12-19 04:53:10 +0900,0744-54-5577
828598,社会福祉法人明耀会特別養護老人ホーム瀬田の杜,2024-12-01 23:40:39 +0900,057-460‐0025
829086,社会福祉法人明耀会特別養護老人ホーム瀬田の杜,2024-12-02 00:01:06 +0900,057-460‐0025
829776,社会福祉法人明耀会特別養護老人ホーム瀬田の杜,2024-12-02 00:28:22 +0900,057-460‐0025
676543,社会福祉法人春風会北狩野ケアセンター,2024-06-12 20:37:20 +0900,静岡県沼津市東椎路1742-1
676744,社会福祉法人晋栄福祉会グループホーム壱分町ちどり,2024-06-12 20:38:39 +0900,大阪府門真市北島町12番20号
894542,社会福祉法人有徳会特別養護老人ホーム飯高有徳園,2025-01-21 05:58:16 +0900,0598-46-1294
894733,社会福祉法人有徳会特別養護老人ホーム飯高有徳園,2025-01-21 07:51:06 +0900,0598-46-1294
895344,社会福祉法人有徳会特別養護老人ホーム飯高有徳園,2025-01-21 08:14:07 +0900,0598-46-1294
676915,社会福祉法人有磯会特別養護老人ホーム有磯苑,2024-06-12 20:39:47 +0900,富山県下新川郡朝日町泊555番地
992998,社会福祉法人朱白会特別養護老人ホームトリアネイ,2025-04-02 20:22:48 +0900,029-893-3015
992950,社会福祉法人朱白会特別養護老人ホームルミエ・デ・ソレイユ,2025-04-02 20:22:48 +0900,0299-56-5588
676528,社会福祉法人杉の子特別養護老人ホーム片岡杉の子園,2024-06-12 20:37:14 +0900,静岡県榛原郡吉田町片岡2895番地
993246,社会福祉法人杜の村特別養護老人ホームかむりの里翔裕園,2025-04-02 20:27:40 +0900,022-396-7522
870604,社会福祉法人東幸会小規模多機能ホームサンシャイン,2025-01-04 23:38:34 +0900,0178-38-7235
828833,社会福祉法人東海宏和福祉会特別養護老人ホーム名...,2024-12-01 23:40:39 +0900,0595-62-5500
829321,社会福祉法人東海宏和福祉会特別養護老人ホーム名...,2024-12-02 00:01:06 +0900,0595-62-5500
831062,社会福祉法人東海宏和福祉会特別養護老人ホーム名...,2024-12-02 01:24:49 +0900,0595-62-5500
886591,社会福祉法人東海特別養護老人ホーム東海の里,2025-01-11 10:53:24 +0900,052-601-9621
992990,社会福祉法人松濤会特別養護老人ホーム銀砂台,2025-04-02 20:22:48 +0900,0294-43-2233
1001655,社会福祉法人松濤会特別養護老人ホーム銀砂台助川...,2025-04-03 17:05:52 +0900,0294-43-2233
870605,社会福祉法人松風会特別養護老人ホームはとみね荘,2025-01-04 23:38:34 +0900,0238-51-0001
870606,社会福祉法人松風会特別養護老人ホームまほろば荘,2025-01-04 23:38:34 +0900,0238-57-5000
676754,社会福祉法人枚方療育園特別養護老人ホーム三田楽...,2024-06-12 20:38:43 +0900,大阪府枚方市津田東町2丁目1-1
842681,社会福祉法人柊の郷　葛城苑・柊の郷ワークセンター,2024-12-10 20:57:43 +0900,0745-69-9601
993024,社会福祉法人栄真会特別養護老人ホームやまなみ園,2025-04-02 20:22:48 +0900,0297-61-7000
870607,社会福祉法人栄興会特別養護老人ホームつくし野荘,2025-01-04 23:38:34 +0900,04-7188-6261
887144,社会福祉法人樹の里 特別養護老人ホーム瀬戸樹の里,2025-01-11 10:53:25 +0900,0561-89-7211
843915,社会福祉法人歓友会小規模特別養護老人ホーム東部...,2024-12-10 21:15:23 +0900,023-664-3851
1005112,社会福祉法人歓友会小規模特別養護老人ホーム東部...,2025-04-08 17:33:02 +0900,023-664-3851
676753,社会福祉法人正和会特別養護老人ホームやわらぎ...,2024-06-12 20:38:43 +0900,兵庫県川西市中央町7番18号ララグランデ7階
843914,社会福祉法人正和会特別養護老人ホーム成華園,2024-12-10 21:15:23 +0900,0294-54-2385
843912,社会福祉法人正心会特別養護老人ホーム美晴らしの里,2024-12-10 21:15:23 +0900,04-7141-8822
153157,社会福祉法人武芸会特別養護老人ホーム寿和苑,2022-05-04 11:19:09 +0900,0575-46-1131
828582,社会福祉法人武芸会特別養護老人ホーム寿和苑,2024-12-01 23:40:39 +0900,0575-46-1131
829070,社会福祉法人武芸会特別養護老人ホーム寿和苑,2024-12-02 00:01:06 +0900,0575-46-1131
829760,社会福祉法人武芸会特別養護老人ホーム寿和苑,2024-12-02 00:28:22 +0900,0575-46-1131
993912,社会福祉法人毛里田睦会特別養護老人ホーム毛里田,2025-04-02 20:58:05 +0900,0276-56-9357
993007,社会福祉法人永寿会特別養護老人ホームドルフィン,2025-04-02 20:22:48 +0900,0295-53-1191
870611,社会福祉法人河北福祉会特別養護老人ホーム眺葉園,2025-01-04 23:38:34 +0900,0237-73-3890
61141,社会福祉法人泉寿会特別養護老人ホーム小倉町いず...,2020-10-09 08:15:29 +0900,043-232-2601
843903,社会福祉法人泚山会特別養護老人ホームいこいの里,2024-12-10 21:15:23 +0900,025-729-3800
843902,社会福祉法人泚山会特別養護老人ホームたんねの里,2024-12-10 21:15:23 +0900,025-726-2055
995266,社会福祉法人泚山会特別養護老人ホームたんねの里,2025-04-02 21:23:13 +0900,025-726-2055
1008825,社会福祉法人泚山会特別養護老人ホームたんねの里,2025-04-08 21:05:06 +0900,025-726-2055
800962,社会福祉法人海の里　養護老人ホーム千松園,2024-11-14 19:23:38 +0900,088-847-0609
843895,社会福祉法人清友会特別養護老人ホーム外ヶ浜荘,2024-12-10 21:15:23 +0900,017-761-3040
676636,社会福祉法人清心会特別養護老人ホーム清心苑,2024-06-12 20:37:58 +0900,岐阜県大垣市矢道町1丁目303番地
850286,社会福祉法人清恵会特別養護老人ホームおりーぶえん,2024-12-11 02:02:26 +0900,082-245-8880
61144,社会福祉法人清明会特別養護老人ホームはなみずき,2020-10-09 08:15:29 +0900,047-480-5050
870613,社会福祉法人清智会特別養護老人ホームさくら爽,2025-01-04 23:38:34 +0900,0197-61-5117
590435,社会福祉法人清水新生会小規模特別養護老人ホーム...,2024-04-25 05:57:59 +0900,0776-82-5151
843887,社会福祉法人清水新生会小規模特別養護老人ホーム...,2024-12-10 21:15:23 +0900,0776-82-5151
992958,社会福祉法人清河会サングリーンピア大子ケアセンター,2025-04-02 20:22:48 +0900,0295-79-3877
886887,社会福祉法人瑞祥 特別養護老人ホームビラオレンジ,2025-01-11 10:53:24 +0900,0569-87-3200
676609,社会福祉法人瑞鳳会特別養護老人ホームハートステージ鳳,2024-06-12 20:37:48 +0900,岐阜県岐阜市長旗町2-18
676627,社会福祉法人白寿会特別養護老人ホームいぶき苑,2024-06-12 20:37:55 +0900,岐阜県不破郡垂井町岩手4538番地
676965,社会福祉法人白寿会特別養護老人ホームほのぼの苑,2024-06-12 20:40:07 +0900,富山県氷見市加納495番地1
676730,社会福祉法人白惠会特別養護老人ホームつつじが丘め...,2024-06-12 20:38:34 +0900,大阪府貝塚市澤1372番地
843875,社会福祉法人白鷹福祉会特別養護老人ホーム白光園,2024-12-10 21:15:23 +0900,0238-85-1511
676689,社会福祉法人百楽の会特別養護老人ホーム百楽,2024-06-12 20:38:18 +0900,三重県志摩市阿児町鵜方3195-55
676775,社会福祉法人皆楽園特別養護老人ホーム打田皆楽園,2024-06-12 20:38:52 +0900,和歌山県岩出市西国分668
843874,社会福祉法人皐仁会特別養護老人ホームさつきの里,2024-12-10 21:15:23 +0900,047-492-1100
153116,社会福祉法人相生会特別養護老人ホーム常磐荘,2022-05-04 11:18:59 +0900,0770-25-6960
676848,社会福祉法人真寿会認知症対応型共同生活介護グループホームのと川,2024-06-12 20:39:22 +0900,滋賀県東近江市新宮町547
887099,社会福祉法人知多学園 板山ホームらく楽,2025-01-11 10:53:24 +0900,0569-27-8120
886428,社会福祉法人知多学園 特別養護老人ホーム論地がるてん,2025-01-11 10:53:23 +0900,0566-53-3300
887077,社会福祉法人知多学園前山ホームらく楽,2025-01-11 10:53:24 +0900,0569-43-1466
164038,社会福祉法人矯風会徳島児童ホーム,2022-05-12 11:13:12 +0900,088-666-2828
590242,社会福祉法人石川整肢学園金沢こども医療福祉センター,2024-04-25 05:56:31 +0900,076-257-3311
863789,社会福祉法人福住会特別養護老人ホーム福住光明苑,2024-12-25 08:25:17 +0900,0743-68-6500
61128,社会福祉法人福寿会特別養護老人ホーム福寿園,2020-10-09 08:15:27 +0900,04-7125-8871
886921,社会福祉法人福寿園 特別養護老人ホームちた福寿園,2025-01-11 10:53:24 +0900,0569-47-5880
886380,社会福祉法人福寿園特別養護老人ホーム豊田福寿園,2025-01-11 10:53:23 +0900,0565-45-8880
828652,社会福祉法人福徳会特別養護老人ホーム白百合園,2024-12-01 23:40:39 +0900,0596-27-1511
829140,社会福祉法人福徳会特別養護老人ホーム白百合園,2024-12-02 00:01:06 +0900,0596-27-1511
829830,社会福祉法人福徳会特別養護老人ホーム白百合園,2024-12-02 00:28:22 +0900,0596-27-1511
1008987,社会福祉法人福徳会特別養護老人ホーム白百合園,2025-04-08 21:05:06 +0900,0596-27-1511
886135,社会福祉法人福誠会特別養護老人ホーム守牧苑,2025-01-11 10:48:47 +0900,052-795-5400
676956,社会福祉法人福鳳会特別養護老人ホーム鳳鳴苑,2024-06-12 20:40:03 +0900,富山県高岡市蔵野町3番地
676923,社会福祉法人福鳳会鳳鳴苑デイサービスセンター,2024-06-12 20:39:50 +0900,富山県高岡市蔵野町3番地
676909,社会福祉法人立山福祉会特別養護老人ホーム竜ヶ浜荘,2024-06-12 20:39:45 +0900,富山県中新川郡立山町末上野字竜ヶ浜119番地
842861,社会福祉法人竹友会特別養護老人ホームやわら木苑,2024-12-10 20:57:43 +0900,047-386-0213
842858,社会福祉法人筑竜会特別養護老人ホームはなみずき,2024-12-10 20:57:43 +0900,029-896-3022
676771,社会福祉法人紀友会特別養護老人ホーム日好荘那智園,2024-06-12 20:38:50 +0900,和歌山県東牟婁郡那智勝浦町浜ノ宮850-1
863941,社会福祉法人紀友会特別養護老人ホーム日好荘那智園,2024-12-25 08:25:17 +0900,和歌山県東牟婁郡那智勝浦町浜ノ宮850-1
362943,社会福祉法人絆 特別養護老人ホーム安濃津愛の里,2022-09-14 22:30:04 +0900,059-267-1000
828697,社会福祉法人絆特別養護老人ホーム安濃津愛の里,2024-12-01 23:40:39 +0900,059-267-1000
829185,社会福祉法人絆特別養護老人ホーム安濃津愛の里,2024-12-02 00:01:06 +0900,059-267-1000
829875,社会福祉法人絆特別養護老人ホーム安濃津愛の里,2024-12-02 00:28:22 +0900,059-267-1000
877460,社会福祉法人緑峰会特別養護老人ホーム港北みどり園,2025-01-10 23:42:11 +0900,045-592-7201
878869,社会福祉法人緑峰会特別養護老人ホーム港北みどり園,2025-01-10 23:49:59 +0900,045-592-7201
992987,社会福祉法人緑平会特別養護老人ホーム延寿館,2025-04-02 20:22:48 +0900,0297-35-3715
870619,社会福祉法人緑成会特別養護老人ホーム成島園,2025-01-04 23:38:34 +0900,0238-37-2355
590371,社会福祉法人織田やすらぎ会特別養護老人ホーム...,2024-04-25 05:57:30 +0900,077-836-1170
857708,社会福祉法人織田やすらぎ会特別養護老人ホーム...,2024-12-19 04:37:20 +0900,077-836-1170
676668,社会福祉法人翠明院養護老人ホーム翠明院,2024-06-12 20:38:10 +0900,三重県いなべ市藤原町鼎1211番地
828609,社会福祉法人翠明院養護老人ホーム翠明院,2024-12-01 23:40:39 +0900,三重県いなべ市藤原町鼎1211番地
829097,社会福祉法人翠明院養護老人ホーム翠明院,2024-12-02 00:01:06 +0900,三重県いなべ市藤原町鼎1211番地
829787,社会福祉法人翠明院養護老人ホーム翠明院,2024-12-02 00:28:22 +0900,三重県いなべ市藤原町鼎1211番地
676807,社会福祉法人聖会特別養護老人ホームもちの木,2024-06-12 20:39:06 +0900,奈良県生駒郡安堵町東安堵218-1
590433,社会福祉法人聖徳園グループホームあわら聖徳園,2024-04-25 05:57:58 +0900,0776-78-7117
993671,社会福祉法人聖愛会聖愛園千石デイサービスセンター,2025-04-02 20:58:04 +0900,0294-33-5300
895564,社会福祉法人聖隷福祉事業団 介護付有料老人ホーム浜名湖エデンの園,2025-01-22 07:55:45 +0900,053-439-1165
895627,社会福祉法人聖隷福祉事業団 聖隷デイサービスセンター三方原,2025-01-22 07:55:45 +0900,053-482-9011
995299,社会福祉法人聖隷福祉事業団浦安ベテルホーム,2025-04-02 21:23:13 +0900,047-700-6600
828333,社会福祉法人聖隷福祉事業団聖隷予防検診センター,2024-11-28 23:04:58 +0900,054-344-7001
676900,社会福祉法人至宝会地域密着型特別養護老人ホーム...,2024-06-12 20:39:42 +0900,富山県富山市堀川町375-1
842839,社会福祉法人至宝会地域密着型特別養護老人ホーム...,2024-12-10 20:57:43 +0900,富山県富山市堀川町375-1
1005943,社会福祉法人至福会特別養護老人ホームあやめ荘,2025-04-08 17:58:45 +0900,.0299-67-5511
872267,社会福祉法人花木蓮　グループホーム花小町もろえ,2025-01-05 05:33:07 +0900,076-214-7007
676554,社会福祉法人芳寿会特別養護老人ホーム回生荘,2024-06-12 20:37:25 +0900,山梨県都留市境36番地
895381,社会福祉法人英水会特別養護老人ホーム英水苑,2025-01-22 07:51:55 +0900,059-340-0273
895782,社会福祉法人英水会特別養護老人ホーム英水苑,2025-01-22 08:01:41 +0900,059-340-0273
895938,社会福祉法人英水会特別養護老人ホーム英水苑,2025-01-22 08:06:07 +0900,059-340-0273
896094,社会福祉法人英水会特別養護老人ホーム英水苑,2025-01-22 08:17:04 +0900,059-340-0273
896250,社会福祉法人英水会特別養護老人ホーム英水苑,2025-01-22 08:28:55 +0900,059-340-0273
896406,社会福祉法人英水会特別養護老人ホーム英水苑,2025-01-22 08:38:39 +0900,059-340-0273
676547,社会福祉法人華翔会特別養護老人ホーム茶畑ヒルズ,2024-06-12 20:37:22 +0900,静岡県裾野市茶畑1428-1
993196,社会福祉法人萩の里軽費老人ホームケアハウス月...,2025-04-02 20:27:40 +0900,022-355-8888
842830,社会福祉法人薫風会特別養護老人ホームエバーグリ...,2024-12-10 20:57:43 +0900,0572-21-5135
842826,社会福祉法人行雲特別養護老人ホームときわ燕,2024-12-10 20:57:43 +0900,0256-61-7010
1008838,社会福祉法人行雲特別養護老人ホームときわ燕,2025-04-08 21:05:06 +0900,0256-61-7010
829574,社会福祉法人親和会特別養護老人ホームみたほら苑,2024-12-02 00:28:21 +0900,058-237-1200
163374,社会福祉法人道真会特別養護老人ホーム幸富久荘,2022-05-12 11:11:23 +0900,089-972-8338
1001627,社会福祉法人達生堂特別養護老人ホームヒューマ...,2025-04-03 17:05:52 +0900,0296-34-7101
842809,社会福祉法人長寿の森特別養護老人ホーム阿見翔裕園,2024-12-10 20:57:43 +0900,029-840-2881
875811,社会福祉法人長生会特別養護老人ホーム桃寿園,2025-01-10 02:00:08 +0900,0744-27-7260
829585,社会福祉法人陶都会特別養護老人ホームドリーム陶都,2024-12-02 00:28:21 +0900,0572-57-5722
999397,社会福祉法人陽光会特別養護老人ホーム陽光園,2025-04-03 07:45:13 +0900,024-572-3631
993205,社会福祉法人陽光福祉会特別養護老人ホームエコー...,2025-04-02 20:27:40 +0900,022-391-3371
829572,社会福祉法人静風会特別養護老人ホーム静風苑,2024-12-02 00:28:21 +0900,0584-81-5100
382490,社会福祉法人順和会特別養護老人ホーム陽ノ丘荘,2022-11-21 18:39:20 +0900,0967-67-2500
894540,社会福祉法人風薫会特別養護老人ホームアリビオ,2025-01-21 05:58:16 +0900,059-325-7762
894731,社会福祉法人風薫会特別養護老人ホームアリビオ,2025-01-21 07:51:06 +0900,059-325-7762
895342,社会福祉法人風薫会特別養護老人ホームアリビオ,2025-01-21 08:14:07 +0900,059-325-7762
894539,社会福祉法人風薫会特別養護老人ホーム風の路,2025-01-21 05:58:16 +0900,059-349-6383
894730,社会福祉法人風薫会特別養護老人ホーム風の路,2025-01-21 07:51:06 +0900,059-349-6383
895341,社会福祉法人風薫会特別養護老人ホーム風の路,2025-01-21 08:14:07 +0900,059-349-6383
848020,社会福祉法人香園　ケアセンター松縄,2024-12-11 01:38:03 +0900,087-867-6511
800765,社会福祉法人香東園　ケアセンター松縄,2024-11-14 19:23:38 +0900,087-867-6511
170664,社会福祉法人駒どり特別養護老人ホームふたば,2022-05-16 20:13:30 +0900,078-643-6290
676921,社会福祉法人高岡南福祉会特別養護老人ホームかがやき,2024-06-12 20:39:50 +0900,富山県高岡市オフィスパーク3番地
828820,社会福祉法人高田真善会特別養護老人ホーム報徳園,2024-12-01 23:40:39 +0900,059-228-1951
829308,社会福祉法人高田真善会特別養護老人ホーム報徳園,2024-12-02 00:01:06 +0900,059-228-1951
831049,社会福祉法人高田真善会特別養護老人ホーム報徳園,2024-12-02 01:24:49 +0900,059-228-1951
994633,福島医療生活協同組合医療生協わたり病院,2025-04-02 21:09:28 +0900,024-521-2056
1004535,諸星運輸株式会社所沢ロジスティクスセンター,2025-04-03 18:52:30 +0900,042-951-7756